,X,Filing Date,Trade Date,Ticker,Insider Name,Title,Trade Type,Price,Qty,Owned,ΔOwn,Value,1d,1w,1m,6m,ticker
0,D,2022-01-25 21:33:20,2022-01-25,MPAA,Mirvis Jeffrey P,Dir,M - OptEx,$6.75,3000,42876,+8%,"+$20,250",,,,,MPAA
1,AD,2022-01-06 18:01:03,2021-12-30,MPAA,Rankin Jamy P.,Dir,M - OptEx,$0.00,2167,2167,New,+$0,,,,,MPAA
2,D,2022-01-04 18:18:17,2021-12-30,MPAA,Rankin Jamy P.,Dir,F - Tax,$17.02,-711,1456,-33%,"-$12,101",,,,,MPAA
3,D,2022-01-04 18:18:17,2021-12-30,MPAA,Rankin Jamy P.,Dir,M - OptEx,$0.00,2167,1456,-305%,+$0,,,,,MPAA
4,,2021-12-27 19:45:26,2021-12-22,MPAA,Borneo Rudolph J,Dir,S - Sale,$16.49,-3752,29304,-11%,"-$61,870",,,,,MPAA
5,,2021-12-14 18:04:28,2021-12-13,MPAA,Ferguson Joseph Edwin,Dir,S - Sale,$19.56,-1000,14696,-6%,"-$19,564",,,,,MPAA
6,M,2021-11-30 21:31:30,2021-11-29,MPAA,Bryan David,Dir,P - Purchase,$17.27,925,17503,+6%,"+$15,972",,,,,MPAA
7,,2021-11-15 17:30:34,2021-11-11,MPAA,Bryan David,Dir,P - Purchase,$19.20,200,16578,+1%,"+$3,840",,,,,MPAA
8,D,2021-10-13 17:24:21,2021-10-09,MPAA,Mirvis Jeffrey P,Dir,M - OptEx,$0.00,3752,39876,+10%,+$0,,,,,MPAA
9,D,2021-10-13 17:02:48,2021-10-09,MPAA,Whittaker Barbara L,Dir,M - OptEx,$0.00,3752,14258,+36%,+$0,,,,,MPAA
10,D,2021-10-13 17:01:50,2021-10-09,MPAA,Bryan David,Dir,M - OptEx,$0.00,3752,16378,+30%,+$0,,,,,MPAA
11,D,2021-10-13 16:30:40,2021-10-09,MPAA,Gay Philip,Dir,M - OptEx,$0.00,3752,23853,+19%,+$0,,,,,MPAA
12,D,2021-10-13 16:27:34,2021-10-09,MPAA,Adelson Scott Joseph,Dir,M - OptEx,$0.00,3752,57278,+7%,+$0,,,,,MPAA
13,D,2021-10-13 16:10:43,2021-10-09,MPAA,Miller Duane Franklin,Dir,M - OptEx,$0.00,3752,12301,+44%,+$0,,,,,MPAA
14,D,2021-10-13 15:55:30,2021-10-09,MPAA,Borneo Rudolph J,Dir,M - OptEx,$0.00,3752,33056,+13%,+$0,,,,,MPAA
15,D,2021-10-13 15:16:52,2021-10-09,MPAA,Ferguson Joseph Edwin,Dir,M - OptEx,$0.00,3752,15696,+31%,+$0,,,,,MPAA
16,D,2021-09-22 12:18:57,2021-09-20,MPAA,Borneo Rudolph J,Dir,M - OptEx,$7.43,3000,29304,+11%,"+$22,290",,,,,MPAA
17,D,2021-09-22 12:18:57,2021-09-20,MPAA,Borneo Rudolph J,Dir,S - Sale+OE,$18.62,-3000,29304,-9%,"-$55,856",,,,,MPAA
18,D,2021-09-03 16:08:21,2021-09-02,MPAA,Selwyn Joffe,"Pres, CEO, COB",F - Tax,$19.14,-50879,288206,-15%,"-$973,824",,,,,MPAA
19,D,2021-09-03 16:08:21,2021-09-02,MPAA,Selwyn Joffe,"Pres, CEO, COB",M - OptEx,$0.00,99082,288206,+52%,+$0,,,,,MPAA
20,D,2021-08-27 17:06:55,2021-08-25,MPAA,Gay Philip,Dir,M - OptEx,$7.43,3000,20101,+18%,"+$22,290",,,,,MPAA
21,D,2021-07-06 17:42:46,2021-07-02,MPAA,Shah Kamlesh,Chief Accounting Officer,F - Tax,$22.40,-239,6879,-3%,"-$5,354",,,,,MPAA
22,D,2021-07-06 17:42:46,2021-07-02,MPAA,Shah Kamlesh,Chief Accounting Officer,M - OptEx,$0.00,709,6879,+11%,+$0,,,,,MPAA
23,D,2021-07-06 17:40:42,2021-07-02,MPAA,Mochulsky Richard K,"VP, Sales, Marketing",F - Tax,$22.40,-196,8698,-2%,"-$4,390",,,,,MPAA
24,D,2021-07-06 17:40:42,2021-07-02,MPAA,Mochulsky Richard K,"VP, Sales, Marketing",M - OptEx,$0.00,834,8698,+11%,+$0,,,,,MPAA
25,D,2021-07-06 17:39:29,2021-07-02,MPAA,Schooner Douglas Earl,Chief Manufacturing Officer,F - Tax,$22.40,-285,12201,-2%,"-$6,384",,,,,MPAA
26,D,2021-07-06 17:39:29,2021-07-02,MPAA,Schooner Douglas Earl,Chief Manufacturing Officer,M - OptEx,$0.00,834,12201,+7%,+$0,,,,,MPAA
27,DM,2021-07-06 17:38:53,2021-06-17,MPAA,Lee David Sung,CFO,F - Tax,$23.11,-2355,21729,-10%,"-$54,434",,,,,MPAA
28,D,2021-07-06 17:38:53,2021-07-02,MPAA,Lee David Sung,CFO,M - OptEx,$0.00,1985,21729,+10%,+$0,,,,,MPAA
29,D,2021-07-06 17:37:20,2021-07-02,MPAA,Selwyn Joffe,"Pres, CEO, COB",F - Tax,$22.40,-6091,240003,-2%,"-$136,438",,,,,MPAA
30,D,2021-07-06 17:37:20,2021-07-02,MPAA,Selwyn Joffe,"Pres, CEO, COB",M - OptEx,$0.00,11860,240003,+5%,+$0,,,,,MPAA
31,D,2021-06-22 20:44:40,2021-06-18,MPAA,Mochulsky Richard K,"VP, Sales, Marketing",F - Tax,$22.27,-157,8060,-2%,"-$3,496",,,,,MPAA
32,D,2021-06-22 20:44:40,2021-06-18,MPAA,Mochulsky Richard K,"VP, Sales, Marketing",M - OptEx,$0.00,667,8060,+9%,+$0,,,,,MPAA
33,D,2021-06-22 20:43:34,2021-06-18,MPAA,Shah Kamlesh,Chief Accounting Officer,F - Tax,$22.27,-225,6409,-3%,"-$5,011",,,,,MPAA
34,D,2021-06-22 20:43:34,2021-06-18,MPAA,Shah Kamlesh,Chief Accounting Officer,M - OptEx,$0.00,667,6409,+12%,+$0,,,,,MPAA
35,D,2021-06-22 20:21:55,2021-06-18,MPAA,Schooner Douglas Earl,Chief Manufacturing Officer,F - Tax,$22.27,-225,11652,-2%,"-$5,011",,,,,MPAA
36,D,2021-06-22 20:21:55,2021-06-18,MPAA,Schooner Douglas Earl,Chief Manufacturing Officer,M - OptEx,$0.00,667,11652,+6%,+$0,,,,,MPAA
37,D,2021-06-22 19:26:15,2021-06-18,MPAA,Lee David Sung,CFO,F - Tax,$22.27,-936,22099,-4%,"-$20,845",,,,,MPAA
38,D,2021-06-22 19:26:15,2021-06-18,MPAA,Lee David Sung,CFO,M - OptEx,$0.00,1833,22099,+9%,+$0,,,,,MPAA
39,D,2021-06-22 18:57:48,2021-06-18,MPAA,Selwyn Joffe,"Pres, CEO, COB",F - Tax,$22.27,-5666,234234,-2%,"-$126,182",,,,,MPAA
40,D,2021-06-22 18:57:48,2021-06-18,MPAA,Selwyn Joffe,"Pres, CEO, COB",M - OptEx,$0.00,11033,234234,+5%,+$0,,,,,MPAA
41,D,2021-06-21 21:31:15,2021-06-17,MPAA,Selwyn Joffe,"Pres, CEO, COB",F - Tax,$23.66,-8029,228867,-3%,"-$189,966",,,,,MPAA
42,D,2021-06-21 21:31:15,2021-06-17,MPAA,Selwyn Joffe,"Pres, CEO, COB",M - OptEx,$0.00,15635,228867,+7%,+$0,,,,,MPAA
43,D,2021-06-21 21:15:02,2021-06-17,MPAA,Lee David Sung,CFO,M - OptEx,$0.00,2617,21202,+14%,+$0,,,,,MPAA
44,D,2021-06-21 21:08:03,2021-06-17,MPAA,Schooner Douglas Earl,Chief Manufacturing Officer,F - Tax,$23.66,-371,11210,-3%,"-$8,778",,,,,MPAA
45,D,2021-06-21 21:08:03,2021-06-17,MPAA,Schooner Douglas Earl,Chief Manufacturing Officer,M - OptEx,$0.00,1100,11210,+11%,+$0,,,,,MPAA
46,D,2021-06-21 21:00:17,2021-06-17,MPAA,Mochulsky Richard K,"VP, Sales, Marketing",F - Tax,$23.66,-309,7550,-4%,"-$7,311",,,,,MPAA
47,D,2021-06-21 21:00:17,2021-06-17,MPAA,Mochulsky Richard K,"VP, Sales, Marketing",M - OptEx,$0.00,1100,7550,+17%,+$0,,,,,MPAA
48,D,2021-06-21 20:45:52,2021-06-17,MPAA,Stone Juliet Lynn,"VP, GC, Secretary",F - Tax,$23.66,-452,648,-41%,"-$10,694",,,,,MPAA
49,D,2021-06-21 20:45:52,2021-06-17,MPAA,Stone Juliet Lynn,"VP, GC, Secretary",M - OptEx,$0.00,1100,648,-243%,+$0,,,,,MPAA
50,D,2021-06-21 20:40:57,2021-06-17,MPAA,Shah Kamlesh,Chief Accounting Officer,F - Tax,$23.66,-435,5967,-7%,"-$10,292",,,,,MPAA
51,D,2021-06-21 20:40:57,2021-06-17,MPAA,Shah Kamlesh,Chief Accounting Officer,M - OptEx,$0.00,1100,5967,+23%,+$0,,,,,MPAA
52,,2021-06-21 19:38:49,2021-06-18,MPAA,Bryan David,Dir,P - Purchase,$23.13,300,12626,+2%,"+$6,939",,,,,MPAA
53,D,2021-03-29 13:29:50,2021-03-25,MPAA,Adelson Scott Joseph,Dir,M - OptEx,$13.53,3000,53526,+6%,"+$40,590",,,,,MPAA
54,DM,2021-03-10 19:54:12,2021-03-08,MPAA,Miller Duane Franklin,Dir,M - OptEx,$10.59,6000,8549,+235%,"+$63,540",,,,,MPAA
55,DM,2021-03-10 19:54:12,2021-03-08,MPAA,Miller Duane Franklin,Dir,S - Sale+OE,$24.15,-6000,8549,-41%,"-$144,881",,,,,MPAA
56,D,2021-01-26 18:27:41,2021-01-22,MPAA,Mirvis Jeffrey P,Dir,M - OptEx,$14.61,3000,36124,+9%,"+$43,830",,,,,MPAA
57,,2020-12-28 17:24:49,2020-12-23,MPAA,Borneo Rudolph J,Dir,S - Sale,$20.91,-2171,29304,-7%,"-$45,396",,,,,MPAA
58,,2020-12-10 13:28:32,2020-12-08,MPAA,Mochulsky Richard K,"VP, Sales, Marketing",S - Sale,$24.56,-1000,6759,-13%,"-$24,564",,,,,MPAA
59,D,2020-10-13 18:03:19,2020-10-09,MPAA,Mirvis Jeffrey P,Dir,M - OptEx,$0.00,2945,33124,+10%,+$0,,,,,MPAA
60,D,2020-10-13 17:30:08,2020-10-09,MPAA,Bryan David,Dir,M - OptEx,$0.00,2945,12326,+31%,+$0,,,,,MPAA
61,D,2020-10-13 17:29:04,2020-10-09,MPAA,Borneo Rudolph J,Dir,M - OptEx,$0.00,2945,31475,+10%,+$0,,,,,MPAA
62,D,2020-10-13 17:27:48,2020-10-09,MPAA,Ferguson Joseph Edwin,Dir,M - OptEx,$0.00,2945,11944,+33%,+$0,,,,,MPAA
63,D,2020-10-13 17:26:58,2020-10-09,MPAA,Gay Philip,Dir,M - OptEx,$0.00,2945,17101,+21%,+$0,,,,,MPAA
64,D,2020-10-13 17:24:54,2020-10-09,MPAA,Adelson Scott Joseph,Dir,M - OptEx,$0.00,2945,50526,+6%,+$0,,,,,MPAA
65,D,2020-10-13 17:24:05,2020-10-09,MPAA,Miller Duane Franklin,Dir,M - OptEx,$0.00,2945,8549,+53%,+$0,,,,,MPAA
66,D,2020-10-13 17:23:12,2020-10-09,MPAA,Whittaker Barbara L,Dir,M - OptEx,$0.00,2945,10506,+39%,+$0,,,,,MPAA
67,D,2020-09-21 18:17:14,2020-09-18,MPAA,Borneo Rudolph J,Dir,M - OptEx,$12.17,3000,28530,+12%,"+$36,510",,,,,MPAA
68,D,2020-09-21 18:17:14,2020-09-17,MPAA,Borneo Rudolph J,Dir,S - Sale+OE,$16.79,-3000,28530,-10%,"-$50,363",,,,,MPAA
69,D,2020-08-19 15:07:58,2020-08-17,MPAA,Gay Philip,Dir,M - OptEx,$12.17,3000,14156,+27%,"+$36,510",,,,,MPAA
70,D,2020-08-19 15:07:58,2020-08-17,MPAA,Gay Philip,Dir,S - Sale+OE,$18.90,-2048,14156,-13%,"-$38,713",,,,,MPAA
71,D,2020-07-06 18:08:16,2020-07-02,MPAA,Selwyn Joffe,"Pres, CEO, COB",F - Tax,$16.96,-4102,221261,-2%,"-$69,570",,,,,MPAA
72,D,2020-07-06 18:08:16,2020-07-02,MPAA,Selwyn Joffe,"Pres, CEO, COB",M - OptEx,$0.00,11860,221261,+6%,+$0,,,,,MPAA
73,D,2020-07-06 18:08:02,2020-07-02,MPAA,Lee David Sung,CFO,F - Tax,$16.96,-681,18585,-4%,"-$11,550",,,,,MPAA
74,D,2020-07-06 18:08:02,2020-07-02,MPAA,Lee David Sung,CFO,M - OptEx,$0.00,1985,18585,+12%,+$0,,,,,MPAA
75,D,2020-07-06 18:07:44,2020-07-02,MPAA,Schooner Douglas Earl,Chief Manufacturing Officer,F - Tax,$16.96,-285,10481,-3%,"-$4,834",,,,,MPAA
76,D,2020-07-06 18:07:44,2020-07-02,MPAA,Schooner Douglas Earl,Chief Manufacturing Officer,M - OptEx,$0.00,834,10481,+9%,+$0,,,,,MPAA
77,D,2020-07-06 18:07:29,2020-07-02,MPAA,Mochulsky Richard K,"VP, Sales, Marketing",F - Tax,$16.96,-196,7563,-3%,"-$3,324",,,,,MPAA
78,D,2020-07-06 18:07:29,2020-07-02,MPAA,Mochulsky Richard K,"VP, Sales, Marketing",M - OptEx,$0.00,834,7563,+12%,+$0,,,,,MPAA
79,D,2020-07-06 18:07:09,2020-07-02,MPAA,Shah Kamlesh,Chief Accounting Officer,F - Tax,$16.96,-239,5302,-4%,"-$4,053",,,,,MPAA
80,D,2020-07-06 18:07:09,2020-07-02,MPAA,Shah Kamlesh,Chief Accounting Officer,M - OptEx,$0.00,709,5302,+15%,+$0,,,,,MPAA
81,D,2020-06-23 16:33:58,2020-06-20,MPAA,Mochulsky Richard K,"VP, Sales, Marketing",F - Tax,$15.72,-118,6925,-2%,"-$1,855",,,,,MPAA
82,D,2020-06-23 16:33:58,2020-06-20,MPAA,Mochulsky Richard K,"VP, Sales, Marketing",M - OptEx,$0.00,500,6925,+8%,+$0,,,,,MPAA
83,D,2020-06-23 16:30:51,2020-06-20,MPAA,Shah Kamlesh,Chief Accounting Officer,F - Tax,$15.72,-169,4832,-3%,"-$2,657",,,,,MPAA
84,D,2020-06-23 16:30:51,2020-06-20,MPAA,Shah Kamlesh,Chief Accounting Officer,M - OptEx,$0.00,500,4832,+12%,+$0,,,,,MPAA
85,D,2020-06-23 16:29:44,2020-06-20,MPAA,Lee David Sung,CFO,F - Tax,$15.72,-461,17281,-3%,"-$7,247",,,,,MPAA
86,D,2020-06-23 16:29:44,2020-06-20,MPAA,Lee David Sung,CFO,M - OptEx,$0.00,1367,17281,+9%,+$0,,,,,MPAA
87,D,2020-06-23 16:27:32,2020-06-20,MPAA,Selwyn Joffe,"Pres, CEO, COB",F - Tax,$15.72,-2813,213503,-1%,"-$44,220",,,,,MPAA
88,D,2020-06-23 16:27:32,2020-06-20,MPAA,Selwyn Joffe,"Pres, CEO, COB",M - OptEx,$0.00,8133,213503,+4%,+$0,,,,,MPAA
89,D,2020-06-23 15:58:52,2020-06-20,MPAA,Schooner Douglas Earl,Chief Manufacturing Officer,F - Tax,$15.72,-360,9932,-3%,"-$5,659",,,,,MPAA
90,D,2020-06-23 15:58:52,2020-06-20,MPAA,Schooner Douglas Earl,Chief Manufacturing Officer,M - OptEx,$0.00,1067,9932,+12%,+$0,,,,,MPAA
91,D,2020-06-19 15:38:21,2020-06-18,MPAA,Mochulsky Richard K,"VP, Sales, Marketing",F - Tax,$14.57,-170,6543,-3%,"-$2,477",,,,,MPAA
92,D,2020-06-19 15:38:21,2020-06-18,MPAA,Mochulsky Richard K,"VP, Sales, Marketing",M - OptEx,$0.00,666,6543,+11%,+$0,,,,,MPAA
93,D,2020-06-19 15:37:51,2020-06-18,MPAA,Schooner Douglas Earl,Chief Manufacturing Officer,F - Tax,$14.57,-225,9225,-2%,"-$3,278",,,,,MPAA
94,D,2020-06-19 15:37:51,2020-06-18,MPAA,Schooner Douglas Earl,Chief Manufacturing Officer,M - OptEx,$0.00,666,9225,+8%,+$0,,,,,MPAA
95,D,2020-06-19 15:37:13,2020-06-18,MPAA,Lee David Sung,CFO,F - Tax,$14.57,-618,16375,-4%,"-$9,004",,,,,MPAA
96,D,2020-06-19 15:37:13,2020-06-18,MPAA,Lee David Sung,CFO,M - OptEx,$0.00,1834,16375,+13%,+$0,,,,,MPAA
97,D,2020-06-19 15:35:37,2020-06-18,MPAA,Selwyn Joffe,"Pres, CEO, COB",F - Tax,$14.57,-3816,208183,-2%,"-$55,599",,,,,MPAA
98,D,2020-06-19 15:35:37,2020-06-18,MPAA,Selwyn Joffe,"Pres, CEO, COB",M - OptEx,$0.00,11034,208183,+6%,+$0,,,,,MPAA
99,D,2020-06-19 14:56:08,2020-06-18,MPAA,Shah Kamlesh,Chief Accounting Officer,F - Tax,$14.57,-225,4501,-5%,"-$3,278",,,,,MPAA
100,D,2020-06-19 14:56:08,2020-06-18,MPAA,Shah Kamlesh,Chief Accounting Officer,M - OptEx,$0.00,666,4501,+17%,+$0,,,,,MPAA
101,AD,2020-05-15 15:03:52,2019-11-25,MPAA,Miller Duane Franklin,Dir,M - OptEx,$6.25,3000,5604,+115%,"+$18,750",,,,,MPAA
102,AD,2020-05-15 15:03:52,2019-11-25,MPAA,Miller Duane Franklin,Dir,S - Sale+OE,$19.82,-3000,5604,-35%,"-$59,460",,,,,MPAA
103,D,2020-04-14 17:14:15,2020-04-10,MPAA,Adelson Scott Joseph,Dir,M - OptEx,$6.62,3000,47581,+7%,"+$19,860",,,,,MPAA
104,,2020-03-17 17:34:06,2020-03-17,MPAA,Bryan David,Dir,P - Purchase,$13.25,300,9381,+3%,"+$3,975",,,,,MPAA
105,,2020-03-16 17:05:38,2020-03-13,MPAA,Bryan David,Dir,P - Purchase,$14.44,225,9081,+3%,"+$3,249",,,,,MPAA
106,D,2020-02-18 18:50:53,2020-02-17,MPAA,Whittaker Barbara L,Dir,M - OptEx,$0.00,1150,7561,+18%,+$0,,,,,MPAA
107,D,2020-02-03 18:27:26,2020-01-31,MPAA,Mirvis Jeffrey P,Dir,M - OptEx,$5.83,3000,43322,+7%,"+$17,490",,,,,MPAA
108,D,2019-11-26 16:04:35,2019-11-25,MPAA,Miller Duane Franklin,Dir,M - OptEx,$6.25,3000,3461,+651%,"+$18,750",,,,,MPAA
109,D,2019-11-26 16:04:35,2019-11-25,MPAA,Miller Duane Franklin,Dir,S - Sale+OE,$19.82,-3000,3461,-46%,"-$59,460",,,,,MPAA
110,,2019-11-15 17:02:15,2019-11-15,MPAA,Mochulsky Richard K,"SVP Sales, Marketing",S - Sale,$20.79,-2000,6047,-25%,"-$41,580",,,,,MPAA
111,D,2019-10-10 16:14:17,2019-10-09,MPAA,Whittaker Barbara L,Dir,M - OptEx,$0.00,1543,6411,+32%,+$0,,,,,MPAA
112,D,2019-10-10 16:13:13,2019-10-09,MPAA,Mirvis Jeffrey P,Dir,M - OptEx,$0.00,2143,30704,+8%,+$0,,,,,MPAA
113,D,2019-10-10 16:11:57,2019-10-09,MPAA,Miller Duane Franklin,Dir,M - OptEx,$0.00,2143,8604,+33%,+$0,,,,,MPAA
114,D,2019-10-10 16:10:31,2019-10-09,MPAA,Gay Philip,Dir,M - OptEx,$0.00,2143,13204,+19%,+$0,,,,,MPAA
115,D,2019-10-10 16:09:10,2019-10-09,MPAA,Ferguson Joseph Edwin,Dir,M - OptEx,$0.00,2143,8999,+31%,+$0,,,,,MPAA
116,D,2019-10-10 16:07:53,2019-10-09,MPAA,Bryan David,Dir,M - OptEx,$0.00,2143,8856,+32%,+$0,,,,,MPAA
117,D,2019-10-10 16:06:41,2019-10-09,MPAA,Borneo Rudolph J,Dir,M - OptEx,$0.00,2143,28530,+8%,+$0,,,,,MPAA
118,D,2019-10-10 16:05:04,2019-10-09,MPAA,Adelson Scott Joseph,Dir,M - OptEx,$0.00,2143,44581,+5%,+$0,,,,,MPAA
119,D,2019-09-26 16:05:20,2019-09-25,MPAA,Borneo Rudolph J,Dir,M - OptEx,$5.20,3000,26387,+13%,"+$15,600",,,,,MPAA
120,D,2019-09-03 16:07:39,2019-08-29,MPAA,Gay Philip,Dir,M - OptEx,$5.20,3000,11061,+37%,"+$15,600",,,,,MPAA
121,,2019-08-15 09:31:59,2019-08-13,MPAA,Ferguson Joseph Edwin,Dir,P - Purchase,$15.83,750,6856,+12%,"+$11,870",,,,,MPAA
122,,2019-08-15 09:30:46,2019-08-13,MPAA,Selwyn Joffe,"Pres, CEO, COB",P - Purchase,$15.75,1000,200965,+1%,"+$15,750",,,,,MPAA
123,,2019-08-15 09:29:11,2019-08-13,MPAA,Bryan David,Dir,P - Purchase,$15.87,100,6713,+2%,"+$1,587",,,,,MPAA
124,,2019-07-10 16:19:20,2019-07-08,MPAA,Selwyn Joffe,"Pres, CEO, COB",F - Tax,$18.79,-37186,199965,-16%,"-$698,725",,,,,MPAA
125,D,2019-06-26 16:15:51,2019-06-24,MPAA,Selwyn Joffe,"Pres, CEO, COB",F - Tax,$17.75,-1868,237151,-1%,"-$33,157",,,,,MPAA
126,D,2019-06-26 16:15:51,2019-06-24,MPAA,Selwyn Joffe,"Pres, CEO, COB",M - OptEx,$0.00,3767,237151,+2%,+$0,,,,,MPAA
127,D,2019-06-26 16:14:24,2019-06-24,MPAA,Umansky Michael,"VP, GC, Sec.",F - Tax,$17.75,-231,11021,-2%,"-$4,100",,,,,MPAA
128,D,2019-06-26 16:14:24,2019-06-24,MPAA,Umansky Michael,"VP, GC, Sec.",M - OptEx,$0.00,667,11021,+6%,+$0,,,,,MPAA
129,D,2019-06-26 16:12:53,2019-06-24,MPAA,Daly Kevin Gerard,Chief Accounting Officer,M - OptEx,$0.00,500,4309,+13%,+$0,,,,,MPAA
130,D,2019-06-26 16:11:38,2019-06-24,MPAA,Lee David Sung,CFO,F - Tax,$17.75,-315,15159,-2%,"-$5,591",,,,,MPAA
131,D,2019-06-26 16:11:38,2019-06-24,MPAA,Lee David Sung,CFO,M - OptEx,$0.00,933,15159,+7%,+$0,,,,,MPAA
132,D,2019-06-26 16:10:07,2019-06-24,MPAA,Mochulsky Richard K,"SVP Sales, Marketing",F - Tax,$17.75,-129,8047,-2%,"-$2,290",,,,,MPAA
133,D,2019-06-26 16:10:07,2019-06-24,MPAA,Mochulsky Richard K,"SVP Sales, Marketing",M - OptEx,$0.00,433,8047,+6%,+$0,,,,,MPAA
134,D,2019-06-26 16:08:39,2019-06-24,MPAA,Schooner Douglas Earl,Chief Manufacturing Officer,F - Tax,$17.75,-270,8784,-3%,"-$4,793",,,,,MPAA
135,D,2019-06-26 16:08:39,2019-06-24,MPAA,Schooner Douglas Earl,Chief Manufacturing Officer,M - OptEx,$0.00,800,8784,+10%,+$0,,,,,MPAA
136,D,2019-06-24 16:17:18,2019-06-20,MPAA,Umansky Michael,"VP, GC, Sec.",F - Tax,$16.70,-415,10585,-4%,"-$6,931",,,,,MPAA
137,D,2019-06-24 16:17:18,2019-06-20,MPAA,Umansky Michael,"VP, GC, Sec.",M - OptEx,$0.00,1200,10585,+13%,+$0,,,,,MPAA
138,D,2019-06-24 16:15:39,2019-06-20,MPAA,Selwyn Joffe,"Pres, CEO, COB",F - Tax,$16.70,-4033,235252,-2%,"-$67,351",,,,,MPAA
139,D,2019-06-24 16:15:39,2019-06-20,MPAA,Selwyn Joffe,"Pres, CEO, COB",M - OptEx,$0.00,8134,235252,+4%,+$0,,,,,MPAA
140,D,2019-06-24 16:14:00,2019-06-20,MPAA,Schooner Douglas Earl,Chief Manufacturing Officer,F - Tax,$16.70,-360,8254,-4%,"-$6,012",,,,,MPAA
141,D,2019-06-24 16:14:00,2019-06-20,MPAA,Schooner Douglas Earl,Chief Manufacturing Officer,M - OptEx,$0.00,1066,8254,+15%,+$0,,,,,MPAA
142,D,2019-06-24 16:12:05,2019-06-20,MPAA,Mochulsky Richard K,"SVP Sales, Marketing",F - Tax,$16.70,-148,7743,-2%,"-$2,472",,,,,MPAA
143,D,2019-06-24 16:12:05,2019-06-20,MPAA,Mochulsky Richard K,"SVP Sales, Marketing",M - OptEx,$0.00,500,7743,+7%,+$0,,,,,MPAA
144,D,2019-06-24 16:10:05,2019-06-20,MPAA,Lee David Sung,CFO,F - Tax,$16.70,-461,14541,-3%,"-$7,699",,,,,MPAA
145,D,2019-06-24 16:10:05,2019-06-20,MPAA,Lee David Sung,CFO,M - OptEx,$0.00,1366,14541,+10%,+$0,,,,,MPAA
146,D,2019-06-24 16:08:17,2019-06-20,MPAA,Daly Kevin Gerard,Chief Accounting Officer,M - OptEx,$0.00,500,3809,+15%,+$0,,,,,MPAA
147,D,2019-06-20 17:12:30,2019-06-18,MPAA,Selwyn Joffe,"Pres, CEO, COB",F - Tax,$16.40,-5471,231151,-2%,"-$89,724",,,,,MPAA
148,D,2019-06-20 17:12:30,2019-06-18,MPAA,Selwyn Joffe,"Pres, CEO, COB",M - OptEx,$0.00,11033,231151,+5%,+$0,,,,,MPAA
149,D,2019-06-20 17:10:50,2019-06-18,MPAA,Umansky Michael,"VP, GC, Sec.",F - Tax,$16.40,-565,9800,-5%,"-$9,266",,,,,MPAA
150,D,2019-06-20 17:10:50,2019-06-18,MPAA,Umansky Michael,"VP, GC, Sec.",M - OptEx,$0.00,1633,9800,+20%,+$0,,,,,MPAA
151,D,2019-06-20 17:08:57,2019-06-18,MPAA,Daly Kevin Gerard,Chief Accounting Officer,M - OptEx,$0.00,667,3309,+25%,+$0,,,,,MPAA
152,D,2019-06-20 17:05:01,2019-06-18,MPAA,Lee David Sung,CFO,F - Tax,$16.40,-618,13636,-4%,"-$10,135",,,,,MPAA
153,D,2019-06-20 17:05:01,2019-06-18,MPAA,Lee David Sung,CFO,M - OptEx,$0.00,1833,13636,+16%,+$0,,,,,MPAA
154,D,2019-06-20 17:03:19,2019-06-18,MPAA,Mochulsky Richard K,"SVP Sales, Marketing",F - Tax,$16.40,-187,7391,-2%,"-$3,067",,,,,MPAA
155,D,2019-06-20 17:03:19,2019-06-18,MPAA,Mochulsky Richard K,"SVP Sales, Marketing",M - OptEx,$0.00,667,7391,+10%,+$0,,,,,MPAA
156,D,2019-06-20 17:01:47,2019-06-18,MPAA,Schooner Douglas Earl,Chief Manufacturing Officer,F - Tax,$16.40,-225,7548,-3%,"-$3,690",,,,,MPAA
157,D,2019-06-20 17:01:47,2019-06-18,MPAA,Schooner Douglas Earl,Chief Manufacturing Officer,M - OptEx,$0.00,667,7548,+10%,+$0,,,,,MPAA
158,D,2019-06-11 16:22:50,2019-06-09,MPAA,Ferguson Joseph Edwin,Dir,M - OptEx,$0.00,1196,6106,+24%,+$0,,,,,MPAA
159,D,2019-06-11 16:21:21,2019-06-09,MPAA,Bryan David,Dir,M - OptEx,$0.00,1196,6613,+22%,+$0,,,,,MPAA
160,,2019-04-01 18:14:29,2019-03-29,MPAA,Selwyn Joffe,"Pres, CEO, COB",A - Grant,$0.00,75000,225589,+50%,+$0,,,,,MPAA
161,D,2019-03-05 16:10:42,2019-03-01,MPAA,Adelson Scott Joseph,Dir,M - OptEx,$4.17,3000,42438,+8%,"+$12,510",,,,,MPAA
162,D,2019-03-05 16:10:42,2019-03-04,MPAA,Adelson Scott Joseph,Dir,S - Sale+OE,$21.23,-623,42438,-1%,"-$13,226",,,,,MPAA
163,,2019-02-19 16:35:11,2019-02-15,MPAA,Borneo Rudolph J,Dir,S - Sale,$21.54,-1674,23387,-7%,"-$36,065",,,,,MPAA
164,D,2019-02-19 16:31:36,2019-02-17,MPAA,Vargo Timothy D,Dir,M - OptEx,$0.00,1149,3330,+53%,+$0,,,,,MPAA
165,D,2019-02-19 16:29:08,2019-02-17,MPAA,Whittaker Barbara L,Dir,M - OptEx,$0.00,1149,4868,+31%,+$0,,,,,MPAA
166,,2019-01-16 18:16:02,2019-01-14,MPAA,Whittaker Barbara L,Dir,P - Purchase,$19.77,2000,3719,+116%,"+$39,540",,,,,MPAA
167,D,2018-10-11 17:51:47,2018-10-09,MPAA,Whittaker Barbara L,Dir,M - OptEx,$0.00,569,1719,+49%,+$0,,,,,MPAA
168,D,2018-10-11 17:50:32,2018-10-09,MPAA,Vargo Timothy D,Dir,M - OptEx,$0.00,569,2181,+35%,+$0,,,,,MPAA
169,D,2018-10-11 17:49:08,2018-10-09,MPAA,Mirvis Jeffrey P,Dir,M - OptEx,$0.00,1674,28561,+6%,+$0,,,,,MPAA
170,D,2018-10-11 17:47:49,2018-10-09,MPAA,Miller Duane Franklin,Dir,M - OptEx,$0.00,1674,6461,+35%,+$0,,,,,MPAA
171,D,2018-10-11 17:46:37,2018-10-09,MPAA,Gay Philip,Dir,M - OptEx,$0.00,1674,8061,+26%,+$0,,,,,MPAA
172,D,2018-10-11 17:32:39,2018-10-09,MPAA,Ferguson Joseph Edwin,Dir,M - OptEx,$0.00,1168,4910,+31%,+$0,,,,,MPAA
173,D,2018-10-11 17:31:11,2018-10-09,MPAA,Bryan David,Dir,M - OptEx,$0.00,1168,5417,+27%,+$0,,,,,MPAA
174,D,2018-10-11 17:29:55,2018-10-09,MPAA,Borneo Rudolph J,Dir,M - OptEx,$0.00,1674,25061,+7%,+$0,,,,,MPAA
175,D,2018-10-11 17:28:41,2018-10-09,MPAA,Adelson Scott Joseph,Dir,M - OptEx,$0.00,1674,40061,+4%,+$0,,,,,MPAA
176,D,2018-09-25 16:19:25,2018-09-21,MPAA,Gay Philip,Dir,M - OptEx,$4.20,3000,6387,+89%,"+$12,600",,,,,MPAA
177,,2018-09-20 16:58:22,2018-09-19,MPAA,Mirvis Jeffrey P,Dir,S - Sale,$25.32,-12500,26887,-32%,"-$316,469",,,,,MPAA
178,D,2018-09-14 16:29:52,2018-09-13,MPAA,Mirvis Jeffrey P,Dir,M - OptEx,$4.60,25000,39387,+174%,"+$115,000",,,,,MPAA
179,D,2018-09-06 19:04:10,2018-09-04,MPAA,Umansky Michael,"VP, GC, Sec.",F - Tax,$26.66,-254,8732,-3%,"-$6,772",,,,,MPAA
180,D,2018-09-06 19:04:10,2018-09-04,MPAA,Umansky Michael,"VP, GC, Sec.",M - OptEx,$0.00,734,8732,+9%,+$0,,,,,MPAA
181,D,2018-09-06 19:02:52,2018-09-04,MPAA,Selwyn Joffe,"Pres, CEO, COB",F - Tax,$26.66,-2066,150589,-1%,"-$55,080",,,,,MPAA
182,D,2018-09-06 19:02:52,2018-09-04,MPAA,Selwyn Joffe,"Pres, CEO, COB",M - OptEx,$0.00,4166,150589,+3%,+$0,,,,,MPAA
183,D,2018-09-06 19:01:21,2018-09-04,MPAA,Schooner Douglas Earl,Chief Manufacturing Officer,F - Tax,$26.66,-312,7106,-4%,"-$8,318",,,,,MPAA
184,D,2018-09-06 19:01:21,2018-09-04,MPAA,Schooner Douglas Earl,Chief Manufacturing Officer,M - OptEx,$0.00,900,7106,+15%,+$0,,,,,MPAA
185,D,2018-09-06 18:59:29,2018-09-04,MPAA,Mochulsky Richard K,"VP, Sales",F - Tax,$26.66,-114,6911,-2%,"-$3,039",,,,,MPAA
186,D,2018-09-06 18:59:29,2018-09-04,MPAA,Mochulsky Richard K,"VP, Sales",M - OptEx,$0.00,466,6911,+7%,+$0,,,,,MPAA
187,D,2018-09-06 18:57:46,2018-09-04,MPAA,Lee David Sung,CFO,F - Tax,$26.66,-358,12421,-3%,"-$9,544",,,,,MPAA
188,D,2018-09-06 18:57:46,2018-09-04,MPAA,Lee David Sung,CFO,M - OptEx,$0.00,1034,12421,+9%,+$0,,,,,MPAA
189,D,2018-09-06 18:56:01,2018-09-04,MPAA,Daly Kevin Gerard,Chief Accounting Officer,M - OptEx,$0.00,566,2642,+27%,+$0,,,,,MPAA
190,,2018-08-29 16:20:29,2018-08-29,MPAA,Ferguson Joseph Edwin,Dir,S - Sale,$26.45,-1000,3742,-21%,"-$26,446",,,,,MPAA
191,D,2018-08-28 18:01:05,2018-08-27,MPAA,Borneo Rudolph J,Dir,M - OptEx,$4.20,3000,23387,+15%,"+$12,600",,,,,MPAA
192,D,2018-08-28 18:01:05,2018-08-27,MPAA,Borneo Rudolph J,Dir,S - Sale+OE,$26.39,-3000,23387,-11%,"-$79,156",,,,,MPAA
193,D,2018-06-27 16:39:09,2018-06-25,MPAA,Selwyn Joffe,"Pres, CEO, COB",F - Tax,$18.64,-1868,148489,-1%,"-$34,820",,,,,MPAA
194,D,2018-06-27 16:39:09,2018-06-25,MPAA,Selwyn Joffe,"Pres, CEO, COB",M - OptEx,$0.00,3766,148489,+3%,+$0,,,,,MPAA
195,D,2018-06-27 16:35:56,2018-06-25,MPAA,Schooner Douglas Earl,Chief Manufacturing Officer,F - Tax,$18.64,-277,6518,-4%,"-$5,163",,,,,MPAA
196,D,2018-06-27 16:35:56,2018-06-25,MPAA,Schooner Douglas Earl,Chief Manufacturing Officer,M - OptEx,$0.00,800,6518,+14%,+$0,,,,,MPAA
197,D,2018-06-27 16:34:23,2018-06-25,MPAA,Umansky Michael,"VP, GC, Sec.",F - Tax,$18.64,-231,8252,-3%,"-$4,306",,,,,MPAA
198,D,2018-06-27 16:34:23,2018-06-25,MPAA,Umansky Michael,"VP, GC, Sec.",M - OptEx,$0.00,666,8252,+9%,+$0,,,,,MPAA
199,D,2018-06-27 16:32:30,2018-06-25,MPAA,Lee David Sung,CFO,F - Tax,$18.64,-323,11745,-3%,"-$6,021",,,,,MPAA
200,D,2018-06-27 16:32:30,2018-06-25,MPAA,Lee David Sung,CFO,M - OptEx,$0.00,934,11745,+9%,+$0,,,,,MPAA
201,D,2018-06-27 16:30:15,2018-06-25,MPAA,Daly Kevin Gerard,Chief Accounting Officer,M - OptEx,$0.00,500,2076,+32%,+$0,,,,,MPAA
202,D,2018-06-27 16:26:42,2018-06-25,MPAA,Mochulsky Richard K,"VP, Sales",F - Tax,$18.64,-106,6559,-2%,"-$1,976",,,,,MPAA
203,D,2018-06-27 16:26:42,2018-06-25,MPAA,Mochulsky Richard K,"VP, Sales",M - OptEx,$0.00,434,6559,+7%,+$0,,,,,MPAA
204,D,2018-06-22 16:33:22,2018-06-20,MPAA,Selwyn Joffe,"Pres, CEO, COB",F - Tax,$20.00,-2813,146591,-2%,"-$56,260",,,,,MPAA
205,D,2018-06-22 16:33:22,2018-06-20,MPAA,Selwyn Joffe,"Pres, CEO, COB",M - OptEx,$0.00,8133,146591,+6%,+$0,,,,,MPAA
206,D,2018-06-22 16:30:58,2018-06-20,MPAA,Daly Kevin Gerard,Chief Accounting Officer,M - OptEx,$0.00,500,1576,+46%,+$0,,,,,MPAA
207,D,2018-06-22 16:28:41,2018-06-20,MPAA,Lee David Sung,CFO,F - Tax,$20.00,-461,11134,-4%,"-$9,220",,,,,MPAA
208,D,2018-06-22 16:28:41,2018-06-20,MPAA,Lee David Sung,CFO,M - OptEx,$0.00,1367,11134,+14%,+$0,,,,,MPAA
209,D,2018-06-22 16:23:20,2018-06-20,MPAA,Mochulsky Richard K,"VP, Sales",F - Tax,$20.00,-149,6231,-2%,"-$2,980",,,,,MPAA
210,D,2018-06-22 16:23:20,2018-06-20,MPAA,Mochulsky Richard K,"VP, Sales",M - OptEx,$0.00,500,6231,+9%,+$0,,,,,MPAA
211,D,2018-06-22 16:12:47,2018-06-20,MPAA,Schooner Douglas Earl,Chief Manufacturing Officer,F - Tax,$20.00,-360,5995,-6%,"-$7,200",,,,,MPAA
212,D,2018-06-22 16:12:47,2018-06-20,MPAA,Schooner Douglas Earl,Chief Manufacturing Officer,M - OptEx,$0.00,1067,5995,+22%,+$0,,,,,MPAA
213,D,2018-06-22 16:11:05,2018-06-20,MPAA,Umansky Michael,"VP, GC, Sec.",F - Tax,$20.00,-415,7817,-5%,"-$8,300",,,,,MPAA
214,D,2018-06-22 16:11:05,2018-06-20,MPAA,Umansky Michael,"VP, GC, Sec.",M - OptEx,$0.00,1200,7817,+18%,+$0,,,,,MPAA
215,,2018-06-19 15:35:57,2018-06-19,MPAA,Lee David Sung,CFO,P - Purchase,$19.93,1000,10228,+11%,"+$19,929",,,,,MPAA
216,,2018-06-19 15:34:42,2018-06-19,MPAA,Bryan David,Dir,P - Purchase,$19.97,125,4249,+3%,"+$2,496",,,,,MPAA
217,,2018-06-18 16:39:54,2018-06-18,MPAA,Selwyn Joffe,"Pres, CEO, COB",P - Purchase,$18.78,1000,141271,+1%,"+$18,780",,,,,MPAA
218,D,2018-06-12 16:29:09,2018-06-09,MPAA,Ferguson Joseph Edwin,Dir,M - OptEx,$0.00,1196,4742,+34%,+$0,,,,,MPAA
219,D,2018-06-12 16:26:40,2018-06-09,MPAA,Bryan David,Dir,M - OptEx,$0.00,1196,4124,+41%,+$0,,,,,MPAA
220,D,2018-03-23 16:14:33,2018-03-22,MPAA,Adelson Scott Joseph,Dir,M - OptEx,$6.11,25000,38387,+187%,"+$152,750",,,,,MPAA
221,,2018-02-28 12:12:48,2018-02-26,MPAA,Vargo Timothy D,Dir,P - Purchase,$21.58,462,1612,+40%,"+$9,970",,,,,MPAA
222,,2018-02-15 13:29:14,2018-02-14,MPAA,Miller Duane Franklin,Dir,P - Purchase,$24.09,400,4787,+9%,"+$9,636",,,,,MPAA
223,,2018-02-14 13:25:38,2018-02-12,MPAA,Mirvis Jeffrey P,Dir,P - Purchase,$21.09,1000,14387,+7%,"+$21,086",,,,,MPAA
224,,2018-02-13 18:09:10,2018-02-12,MPAA,Bryan David,Dir,P - Purchase,$21.09,475,2928,+19%,"+$10,017",,,,,MPAA
225,,2018-02-13 18:08:10,2018-02-12,MPAA,Selwyn Joffe,"Pres, CEO, COB",P - Purchase,$21.00,5000,140271,+4%,"+$105,000",,,,,MPAA
226,,2018-02-13 17:51:00,2018-02-12,MPAA,Ferguson Joseph Edwin,Dir,P - Purchase,$21.00,750,2946,+34%,"+$15,750",,,,,MPAA
227,D,2017-10-11 16:57:10,2017-10-09,MPAA,Mirvis Jeffrey P,Dir,M - OptEx,$0.00,1105,13387,+9%,+$0,,,,,MPAA
228,D,2017-10-11 16:56:17,2017-10-09,MPAA,Miller Duane Franklin,Dir,M - OptEx,$0.00,1105,4387,+34%,+$0,,,,,MPAA
229,D,2017-10-11 16:54:37,2017-10-09,MPAA,Gay Philip,Dir,M - OptEx,$0.00,1105,3387,+48%,+$0,,,,,MPAA
230,D,2017-10-11 16:53:09,2017-10-09,MPAA,Ferguson Joseph Edwin,Dir,M - OptEx,$0.00,600,2796,+27%,+$0,,,,,MPAA
231,D,2017-10-11 16:51:15,2017-10-09,MPAA,Bryan David,Dir,M - OptEx,$0.00,600,2453,+32%,+$0,,,,,MPAA
232,D,2017-10-11 16:49:42,2017-10-09,MPAA,Borneo Rudolph J,Dir,M - OptEx,$0.00,1105,23387,+5%,+$0,,,,,MPAA
233,D,2017-10-11 16:48:00,2017-10-09,MPAA,Adelson Scott Joseph,Dir,M - OptEx,$0.00,1105,13387,+9%,+$0,,,,,MPAA
234,D,2017-09-07 16:34:40,2017-09-05,MPAA,Umansky Michael,"VP, GC, Sec.",F - Tax,$26.30,-221,7032,-3%,"-$5,812",,,,,MPAA
235,D,2017-09-07 16:34:40,2017-09-05,MPAA,Umansky Michael,"VP, GC, Sec.",M - OptEx,$0.00,733,7032,+12%,+$0,,,,,MPAA
236,D,2017-09-07 16:33:33,2017-09-05,MPAA,Selwyn Joffe,"Pres, CEO, COB",F - Tax,$26.30,-1364,135271,-1%,"-$35,873",,,,,MPAA
237,D,2017-09-07 16:33:33,2017-09-05,MPAA,Selwyn Joffe,"Pres, CEO, COB",M - OptEx,$0.00,4167,135271,+3%,+$0,,,,,MPAA
238,D,2017-09-07 16:32:29,2017-09-05,MPAA,Schooner Douglas Earl,Chief Manufacturing Officer,F - Tax,$26.30,-326,5288,-6%,"-$8,574",,,,,MPAA
239,D,2017-09-07 16:32:29,2017-09-05,MPAA,Schooner Douglas Earl,Chief Manufacturing Officer,M - OptEx,$0.00,900,5288,+21%,+$0,,,,,MPAA
240,D,2017-09-07 16:30:35,2017-09-05,MPAA,Mochulsky Richard K,"VP, Sales",F - Tax,$26.30,-123,5880,-2%,"-$3,235",,,,,MPAA
241,D,2017-09-07 16:30:35,2017-09-05,MPAA,Mochulsky Richard K,"VP, Sales",M - OptEx,$0.00,467,5880,+9%,+$0,,,,,MPAA
242,A,2017-09-07 16:28:35,2017-06-26,MPAA,Mochulsky Richard K,"VP, Sales",F - Tax,$0.00,0,5536,0%,-$0,,,,,MPAA
243,D,2017-09-07 16:25:12,2017-09-05,MPAA,Lee David Sung,CFO,F - Tax,$26.30,-384,9228,-4%,"-$10,099",,,,,MPAA
244,D,2017-09-07 16:25:12,2017-09-05,MPAA,Lee David Sung,CFO,M - OptEx,$0.00,1033,9228,+13%,+$0,,,,,MPAA
245,D,2017-09-07 16:23:41,2017-09-05,MPAA,Daly Kevin Gerard,Chief Accounting Officer,F - Tax,$26.30,-194,1076,-15%,"-$5,102",,,,,MPAA
246,D,2017-09-07 16:23:41,2017-09-05,MPAA,Daly Kevin Gerard,Chief Accounting Officer,M - OptEx,$0.00,567,1076,+111%,+$0,,,,,MPAA
247,,2017-06-30 16:42:01,2017-06-28,MPAA,Schooner Douglas Earl,"VP, Manufacturing",S - Sale,$28.58,-505,4714,-10%,"-$14,432",,,,,MPAA
248,D,2017-06-29 10:33:56,2017-06-26,MPAA,Lee David Sung,CFO,F - Tax,$28.18,-947,8579,-10%,"-$26,686",,,,,MPAA
249,D,2017-06-29 10:33:56,2017-06-26,MPAA,Lee David Sung,CFO,M - OptEx,$0.00,2167,8579,+34%,+$0,,,,,MPAA
250,D,2017-06-28 17:36:01,2017-06-26,MPAA,Selwyn Joffe,"Pres, CEO, COB",F - Tax,$28.18,-1760,132468,-1%,"-$49,597",,,,,MPAA
251,D,2017-06-28 17:36:01,2017-06-26,MPAA,Selwyn Joffe,"Pres, CEO, COB",M - OptEx,$0.00,3767,132468,+3%,+$0,,,,,MPAA
252,D,2017-06-28 17:33:29,2017-06-26,MPAA,Daly Kevin Gerard,Chief Accounting Officer,F - Tax,$28.18,-463,703,-40%,"-$13,047",,,,,MPAA
253,D,2017-06-28 17:33:29,2017-06-26,MPAA,Daly Kevin Gerard,Chief Accounting Officer,M - OptEx,$0.00,1166,703,-252%,+$0,,,,,MPAA
254,D,2017-06-28 17:32:09,2017-06-26,MPAA,Umansky Michael,"VP, GC, Sec.",F - Tax,$28.18,-571,6520,-8%,"-$16,091",,,,,MPAA
255,D,2017-06-28 17:32:09,2017-06-26,MPAA,Umansky Michael,"VP, GC, Sec.",M - OptEx,$0.00,1533,6520,+31%,+$0,,,,,MPAA
256,D,2017-06-28 17:30:49,2017-06-26,MPAA,Schooner Douglas Earl,Chief Manufacturing Officer,F - Tax,$28.18,-682,5219,-12%,"-$19,219",,,,,MPAA
257,D,2017-06-28 17:30:49,2017-06-26,MPAA,Schooner Douglas Earl,Chief Manufacturing Officer,M - OptEx,$0.00,1666,5219,+47%,+$0,,,,,MPAA
258,,2017-06-28 17:28:07,2017-06-26,MPAA,Schooner Douglas Earl,"VP, Manufacturing",S - Sale,$28.57,-1192,4235,-22%,"-$34,060",,,,,MPAA
259,D,2017-06-28 17:26:41,2017-06-26,MPAA,Mochulsky Richard K,"VP, Sales",F - Tax,$28.18,-307,5526,-5%,"-$8,651",,,,,MPAA
260,D,2017-06-28 17:26:41,2017-06-26,MPAA,Mochulsky Richard K,"VP, Sales",M - OptEx,$0.00,999,5526,+22%,+$0,,,,,MPAA
261,D,2017-06-26 16:37:05,2017-06-22,MPAA,Schooner Douglas Earl,"VP, Manufacturing",M - OptEx,$9.32,4834,5427,+815%,"+$45,053",,,,,MPAA
262,D,2017-06-26 16:37:05,2017-06-22,MPAA,Schooner Douglas Earl,"VP, Manufacturing",S - Sale+OE,$28.27,-4834,5427,-47%,"-$136,643",,,,,MPAA
263,D,2017-06-22 16:26:35,2017-06-21,MPAA,Gay Philip,Dir,M - OptEx,$11.75,3000,2282,-418%,"+$35,250",,,,,MPAA
264,D,2017-06-22 16:26:35,2017-06-21,MPAA,Gay Philip,Dir,S - Sale+OE,$27.44,-3000,2282,-57%,"-$82,326",,,,,MPAA
265,D,2017-06-22 16:24:56,2017-06-21,MPAA,Borneo Rudolph J,Dir,M - OptEx,$11.75,3000,22282,+16%,"+$35,250",,,,,MPAA
266,D,2017-06-22 16:24:56,2017-06-21,MPAA,Borneo Rudolph J,Dir,S - Sale+OE,$27.49,-3000,22282,-12%,"-$82,474",,,,,MPAA
267,,2017-06-21 16:13:08,2017-06-20,MPAA,Bryan David,Dir,P - Purchase,$27.00,165,1853,+10%,"+$4,455",,,,,MPAA
268,D,2017-06-13 16:52:26,2017-06-09,MPAA,Bryan David,Dir,M - OptEx,$0.00,1196,1688,+243%,+$0,,,,,MPAA
269,D,2017-06-13 16:41:38,2017-06-12,MPAA,Selwyn Joffe,"Pres, CEO, COB",F - Tax,$28.22,-9360,130461,-7%,"-$264,139",,,,,MPAA
270,D,2017-06-13 16:41:38,2017-06-11,MPAA,Selwyn Joffe,"Pres, CEO, COB",M - OptEx,$0.00,17197,130461,+15%,+$0,,,,,MPAA
271,D,2017-06-13 16:39:42,2017-06-09,MPAA,Ferguson Joseph Edwin,Dir,M - OptEx,$0.00,1196,2196,+120%,+$0,,,,,MPAA
272,D,2017-05-09 16:49:41,2017-05-05,MPAA,Mirvis Jeffrey P,Dir,M - OptEx,$0.00,592,12282,+5%,+$0,0.0,,,,MPAA
273,D,2017-05-09 16:48:32,2017-05-05,MPAA,Miller Duane Franklin,Dir,M - OptEx,$0.00,592,3282,+22%,+$0,0.0,,,,MPAA
274,D,2017-05-09 16:46:47,2017-05-05,MPAA,Gay Philip,Dir,M - OptEx,$0.00,592,2282,+35%,+$0,0.0,,,,MPAA
275,D,2017-05-09 16:45:39,2017-05-05,MPAA,Borneo Rudolph J,Dir,M - OptEx,$0.00,592,22282,+3%,+$0,0.0,,,,MPAA
276,D,2017-05-09 16:43:42,2017-05-05,MPAA,Adelson Scott Joseph,Dir,M - OptEx,$0.00,592,12282,+5%,+$0,0.0,,,,MPAA
277,D,2017-03-30 16:36:46,2017-03-28,MPAA,Miller Duane Franklin,Dir,M - OptEx,$6.25,17000,2690,-119%,"+$106,190",1.0,-6.0,0.0,,MPAA
278,DM,2017-03-30 16:36:46,2016-03-28,MPAA,Miller Duane Franklin,Dir,S - Sale+OE,$30.11,-17000,2690,-86%,"-$511,842",1.0,-6.0,0.0,,MPAA
279,,2017-03-29 15:48:39,2017-03-28,MPAA,Bryan David,Dir,P - Purchase,$29.94,100,100,New,"+$2,994",2.0,-3.0,1.0,,MPAA
280,,2017-03-29 15:47:28,2017-03-27,MPAA,Daly Kevin Gerard,Chief Accounting Officer,S - Sale,$28.83,-8101,0,-100%,"-$233,552",2.0,-3.0,1.0,,MPAA
281,,2017-03-28 14:55:34,2017-03-24,MPAA,Mirvis Jeffrey P,Dir,P - Purchase,$28.06,2000,11690,+21%,"+$56,120",0.0,-2.0,1.0,,MPAA
282,,2017-03-15 18:27:22,2017-03-14,MPAA,Mochulsky Richard K,"VP, Sales",S - Sale,$27.90,-2900,4277,-40%,"-$80,910",-2.0,-1.0,1.0,,MPAA
283,D,2017-03-03 15:25:31,2017-03-01,MPAA,Daly Kevin Gerard,Chief Accounting Officer,M - OptEx,$9.32,3734,8101,+86%,"+$34,801",-2.0,-4.0,7.0,,MPAA
284,D,2017-03-03 15:25:31,2017-03-02,MPAA,Daly Kevin Gerard,Chief Accounting Officer,S - Sale+OE,$28.83,-3734,8101,-32%,"-$107,647",-2.0,-4.0,7.0,,MPAA
285,,2017-03-01 15:21:13,2017-03-01,MPAA,Ferguson Joseph Edwin,Dir,P - Purchase,$28.84,1000,1000,New,"+$28,840",3.0,-2.0,7.0,,MPAA
286,D,2016-11-17 16:53:20,2016-11-15,MPAA,Borneo Rudolph J,Dir,M - OptEx,$14.50,3000,21690,+16%,"+$43,500",0.0,-1.0,1.0,,MPAA
287,D,2016-11-17 16:53:20,2016-11-15,MPAA,Borneo Rudolph J,Dir,S - Sale+OE,$26.14,-3000,21690,-12%,"-$78,417",0.0,-1.0,1.0,,MPAA
288,D,2016-10-31 16:26:32,2016-10-09,MPAA,Mirvis Jeffrey P,Dir,M - OptEx,$0.00,506,9690,+6%,+$0,0.0,-9.0,-4.0,16.0,MPAA
289,D,2016-10-31 16:25:24,2016-10-09,MPAA,Miller Duane Franklin,Dir,M - OptEx,$0.00,506,2690,+23%,+$0,0.0,-9.0,-4.0,16.0,MPAA
290,D,2016-10-31 16:24:05,2016-10-09,MPAA,Gay Philip,Dir,M - OptEx,$0.00,506,1690,+43%,+$0,0.0,-9.0,-4.0,16.0,MPAA
291,D,2016-10-31 16:21:26,2016-10-09,MPAA,Borneo Rudolph J,Dir,M - OptEx,$0.00,506,21690,+2%,+$0,0.0,-9.0,-4.0,16.0,MPAA
292,D,2016-10-31 16:13:38,2016-10-09,MPAA,Adelson Scott Joseph,Dir,M - OptEx,$0.00,506,11690,+5%,+$0,0.0,-9.0,-4.0,16.0,MPAA
293,D,2016-09-08 18:40:10,2016-09-06,MPAA,Schooner Douglas Earl,Chief Manufacturing Officer,F - Tax,$29.32,-382,5427,-7%,"-$11,200",-2.0,1.0,-2.0,-3.0,MPAA
294,D,2016-09-08 18:40:10,2016-09-04,MPAA,Schooner Douglas Earl,Chief Manufacturing Officer,M - OptEx,$0.00,900,5427,+20%,+$0,-2.0,1.0,-2.0,-3.0,MPAA
295,,2016-09-08 18:36:56,2016-09-06,MPAA,Schooner Douglas Earl,Chief Manufacturing Officer,F - Tax,$29.32,-1391,4909,-22%,"-$40,784",-2.0,1.0,-2.0,-3.0,MPAA
296,D,2016-09-08 17:42:27,2016-09-06,MPAA,Umansky Michael,"VP, GC, Sec.",F - Tax,$29.32,-272,5558,-5%,"-$7,975",-2.0,1.0,-2.0,-3.0,MPAA
297,D,2016-09-08 17:42:27,2016-09-04,MPAA,Umansky Michael,"VP, GC, Sec.",M - OptEx,$0.00,733,5558,+15%,+$0,-2.0,1.0,-2.0,-3.0,MPAA
298,,2016-09-08 17:41:51,2016-09-06,MPAA,Umansky Michael,"VP, GC, Sec.",F - Tax,$29.32,-1407,5097,-22%,"-$41,253",-2.0,1.0,-2.0,-3.0,MPAA
299,D,2016-09-08 17:41:08,2016-09-06,MPAA,Selwyn Joffe,"Pres, CEO, COB",F - Tax,$29.32,-2003,122624,-2%,"-$58,728",-2.0,1.0,-2.0,-3.0,MPAA
300,D,2016-09-08 17:41:08,2016-09-04,MPAA,Selwyn Joffe,"Pres, CEO, COB",M - OptEx,$0.00,4167,122624,+4%,+$0,-2.0,1.0,-2.0,-3.0,MPAA
301,,2016-09-08 17:40:25,2016-09-06,MPAA,Selwyn Joffe,"Pres, CEO, COB",F - Tax,$29.32,-8434,120460,-7%,"-$247,285",-2.0,1.0,-2.0,-3.0,MPAA
302,D,2016-09-08 17:39:31,2016-09-06,MPAA,Mochulsky Richard K,"VP, Sales",F - Tax,$29.32,-143,7177,-2%,"-$4,193",-2.0,1.0,-2.0,-3.0,MPAA
303,D,2016-09-08 17:39:31,2016-09-04,MPAA,Mochulsky Richard K,"VP, Sales",M - OptEx,$0.00,467,7177,+7%,+$0,-2.0,1.0,-2.0,-3.0,MPAA
304,D,2016-09-08 17:37:47,2016-09-06,MPAA,Mochulsky Richard K,"VP, Sales",F - Tax,$29.32,-143,7177,-2%,"-$4,193",-2.0,1.0,-2.0,-3.0,MPAA
305,D,2016-09-08 17:37:47,2016-09-04,MPAA,Mochulsky Richard K,"VP, Sales",M - OptEx,$0.00,467,7177,+7%,+$0,-2.0,1.0,-2.0,-3.0,MPAA
306,D,2016-09-08 17:36:14,2016-09-06,MPAA,Lee David Sung,CFO,F - Tax,$29.32,-452,7359,-6%,"-$13,253",-2.0,1.0,-2.0,-3.0,MPAA
307,D,2016-09-08 17:36:14,2016-09-04,MPAA,Lee David Sung,CFO,M - OptEx,$0.00,1033,7359,+16%,+$0,-2.0,1.0,-2.0,-3.0,MPAA
308,,2016-09-08 17:35:35,2016-09-06,MPAA,Lee David Sung,CFO,F - Tax,$29.32,-2047,6778,-23%,"-$60,018",-2.0,1.0,-2.0,-3.0,MPAA
309,D,2016-09-08 17:34:26,2016-09-06,MPAA,Kratz Steven,COO,F - Tax,$29.32,-550,5471,-9%,"-$16,126",-2.0,1.0,-2.0,-3.0,MPAA
310,D,2016-09-08 17:34:26,2016-09-04,MPAA,Kratz Steven,COO,M - OptEx,$0.00,1133,5471,+26%,+$0,-2.0,1.0,-2.0,-3.0,MPAA
311,,2016-09-08 17:33:40,2016-09-06,MPAA,Kratz Steven,COO,F - Tax,$29.32,-2528,4888,-34%,"-$74,121",-2.0,1.0,-2.0,-3.0,MPAA
312,D,2016-09-08 17:27:24,2016-09-04,MPAA,Daly Kevin Gerard,Chief Accounting Officer,M - OptEx,$0.00,567,8101,+8%,+$0,-2.0,1.0,-2.0,-3.0,MPAA
313,D,2016-08-24 13:03:28,2016-08-22,MPAA,Mirvis Jeffrey P,Dir,M - OptEx,$19.94,3000,9184,+49%,"+$59,820",0.0,4.0,6.0,6.0,MPAA
314,D,2016-06-28 16:51:03,2016-06-24,MPAA,Kratz Steven,COO,F - Tax,$28.68,-659,7416,-8%,"-$18,900",-1.0,-3.0,3.0,-6.0,MPAA
315,D,2016-06-28 16:51:03,2016-06-24,MPAA,Kratz Steven,COO,M - OptEx,$0.00,1333,7416,+22%,+$0,-1.0,-3.0,3.0,-6.0,MPAA
316,D,2016-06-28 16:47:18,2016-06-24,MPAA,Schooner Douglas Earl,Chief Manufacturing Officer,F - Tax,$28.68,-362,6300,-5%,"-$10,382",-1.0,-3.0,3.0,-6.0,MPAA
317,D,2016-06-28 16:47:18,2016-06-24,MPAA,Schooner Douglas Earl,Chief Manufacturing Officer,M - OptEx,$0.00,867,6300,+16%,+$0,-1.0,-3.0,3.0,-6.0,MPAA
318,D,2016-06-28 16:45:09,2016-06-24,MPAA,Umansky Michael,"VP, GC, Sec.",F - Tax,$28.68,-340,6504,-5%,"-$9,751",-1.0,-3.0,3.0,-6.0,MPAA
319,D,2016-06-28 16:45:09,2016-06-24,MPAA,Umansky Michael,"VP, GC, Sec.",M - OptEx,$0.00,867,6504,+15%,+$0,-1.0,-3.0,3.0,-6.0,MPAA
320,D,2016-06-28 16:42:23,2016-06-24,MPAA,Lee David Sung,CFO,F - Tax,$28.68,-558,8825,-6%,"-$16,003",-1.0,-3.0,3.0,-6.0,MPAA
321,D,2016-06-28 16:42:23,2016-06-24,MPAA,Lee David Sung,CFO,M - OptEx,$0.00,1233,8825,+16%,+$0,-1.0,-3.0,3.0,-6.0,MPAA
322,D,2016-06-28 16:40:16,2016-06-24,MPAA,Daly Kevin Gerard,Chief Accounting Officer,M - OptEx,$0.00,667,7534,+10%,+$0,-1.0,-3.0,3.0,-6.0,MPAA
323,D,2016-06-28 16:38:01,2016-06-24,MPAA,Mochulsky Richard K,"VP, Sales",F - Tax,$28.68,-176,7518,-2%,"-$5,048",-1.0,-3.0,3.0,-6.0,MPAA
324,D,2016-06-28 16:38:01,2016-06-24,MPAA,Mochulsky Richard K,"VP, Sales",M - OptEx,$0.00,567,7518,+8%,+$0,-1.0,-3.0,3.0,-6.0,MPAA
325,D,2016-06-24 11:00:52,2016-06-22,MPAA,Gay Philip,Dir,M - OptEx,$14.50,3000,1184,-165%,"+$43,500",-3.0,-8.0,-6.0,-10.0,MPAA
326,D,2016-06-24 11:00:52,2016-06-22,MPAA,Gay Philip,Dir,S - Sale+OE,$30.35,-3000,1184,-72%,"-$91,063",-3.0,-8.0,-6.0,-10.0,MPAA
327,D,2016-06-21 15:47:07,2016-06-20,MPAA,Selwyn Joffe,"Pres, CEO, COB",M - OptEx,$12.00,75000,128894,+139%,"+$900,000",-1.0,-11.0,-12.0,-15.0,MPAA
328,D,2016-06-21 15:47:07,2016-06-20,MPAA,Selwyn Joffe,"Pres, CEO, COB",S - Sale+OE,$30.50,-75000,128894,-37%,"-$2,287,538",-1.0,-11.0,-12.0,-15.0,MPAA
329,D,2016-06-15 16:55:58,2016-06-13,MPAA,Selwyn Joffe,"Pres, CEO, COB",F - Tax,$27.74,-7841,128894,-6%,"-$217,509",1.0,1.0,-11.0,-9.0,MPAA
330,D,2016-06-15 16:55:58,2016-06-11,MPAA,Selwyn Joffe,"Pres, CEO, COB",M - OptEx,$0.00,17196,128894,+15%,+$0,1.0,1.0,-11.0,-9.0,MPAA
331,D,2016-06-15 16:54:35,2016-06-13,MPAA,Selwyn Joffe,"Pres, CEO, COB",F - Tax,$27.74,-7841,128894,-6%,"-$217,509",1.0,1.0,-11.0,-9.0,MPAA
332,D,2016-06-15 16:54:35,2016-06-11,MPAA,Selwyn Joffe,"Pres, CEO, COB",M - OptEx,$0.00,17196,128894,+15%,+$0,1.0,1.0,-11.0,-9.0,MPAA
333,D,2016-05-06 13:45:41,2016-05-05,MPAA,Mirvis Jeffrey P,Dir,M - OptEx,$0.00,592,6184,+11%,+$0,1.0,-1.0,-6.0,-18.0,MPAA
334,D,2016-05-06 13:44:55,2016-05-05,MPAA,Miller Duane Franklin,Dir,M - OptEx,$0.00,592,2184,+37%,+$0,1.0,-1.0,-6.0,-18.0,MPAA
335,D,2016-05-06 13:44:17,2016-05-05,MPAA,Gay Philip,Dir,M - OptEx,$0.00,592,1184,+100%,+$0,1.0,-1.0,-6.0,-18.0,MPAA
336,D,2016-05-06 13:43:36,2016-05-05,MPAA,Borneo Rudolph J,Dir,M - OptEx,$0.00,592,21184,+3%,+$0,1.0,-1.0,-6.0,-18.0,MPAA
337,D,2016-05-06 13:42:51,2016-05-05,MPAA,Adelson Scott Joseph,Dir,M - OptEx,$0.00,592,11184,+6%,+$0,1.0,-1.0,-6.0,-18.0,MPAA
338,D,2016-03-22 19:44:54,2016-03-18,MPAA,Selwyn Joffe,"Pres, CEO, COB",M - OptEx,$12.00,20403,119539,+21%,"+$244,836",-1.0,-2.0,-5.0,-25.0,MPAA
339,D,2016-03-22 19:44:54,2016-03-18,MPAA,Selwyn Joffe,"Pres, CEO, COB",S - Sale+OE,$38.01,-20403,119539,-15%,"-$775,428",-1.0,-2.0,-5.0,-25.0,MPAA
340,AD,2016-03-22 19:44:02,2016-03-04,MPAA,Selwyn Joffe,"Pres, CEO, COB",M - OptEx,$12.00,4597,119539,+4%,"+$55,164",-1.0,-2.0,-5.0,-25.0,MPAA
341,AD,2016-03-22 19:44:02,2016-03-04,MPAA,Selwyn Joffe,"Pres, CEO, COB",S - Sale+OE,$38.00,-4597,119539,-4%,"-$174,686",-1.0,-2.0,-5.0,-25.0,MPAA
342,,2016-03-08 18:57:44,2016-03-04,MPAA,Selwyn Joffe,"Pres, CEO, COB",S - Sale,$38.00,-4597,114942,-4%,"-$174,686",2.0,2.0,-2.0,-20.0,MPAA
343,DM,2016-03-02 19:21:16,2016-02-29,MPAA,Selwyn Joffe,"Pres, CEO, COB",M - OptEx,$12.00,150000,119539,-492%,"+$1,800,000",4.0,3.0,8.0,-20.0,MPAA
344,DM,2016-03-02 19:21:16,2016-02-29,MPAA,Selwyn Joffe,"Pres, CEO, COB",S - Sale+OE,$35.21,-150000,119539,-56%,"-$5,281,700",4.0,3.0,8.0,-20.0,MPAA
345,D,2016-02-29 16:29:33,2016-02-25,MPAA,Miller Duane Franklin,Dir,M - OptEx,$7.27,14000,1592,-113%,"+$101,780",2.0,7.0,8.0,-20.0,MPAA
346,D,2016-02-29 16:29:33,2016-02-25,MPAA,Miller Duane Franklin,Dir,S - Sale+OE,$32.85,-14000,1592,-90%,"-$459,963",2.0,7.0,8.0,-20.0,MPAA
347,,2016-02-29 16:18:19,2016-02-29,MPAA,Mochulsky Richard K,"VP, Sales",S - Sale,$34.66,-2071,7127,-23%,"-$71,781",2.0,7.0,8.0,-20.0,MPAA
348,D,2016-02-29 14:28:45,2016-02-26,MPAA,Lee David Sung,CFO,M - OptEx,$12.00,2500,8150,+44%,"+$30,000",0.0,7.0,8.0,-20.0,MPAA
349,DM,2016-02-29 14:28:45,2016-02-26,MPAA,Lee David Sung,CFO,S - Sale+OE,$34.38,-4500,8150,-36%,"-$154,714",0.0,7.0,8.0,-20.0,MPAA
350,D,2015-09-24 17:48:55,2015-09-23,MPAA,Borneo Rudolph J,Dir,M - OptEx,$9.90,3000,20592,+17%,"+$29,700",-3.0,-3.0,7.0,16.0,MPAA
351,D,2015-09-24 17:48:55,2015-09-23,MPAA,Borneo Rudolph J,Dir,S - Sale+OE,$32.17,-3000,20592,-13%,"-$96,522",-3.0,-3.0,7.0,16.0,MPAA
352,D,2015-09-11 18:52:36,2015-09-10,MPAA,Daly Kevin Gerard,Chief Accounting Officer,M - OptEx,$9.96,10900,6867,-270%,"+$108,546",0.0,1.0,0.0,12.0,MPAA
353,D,2015-09-11 18:52:36,2015-09-10,MPAA,Daly Kevin Gerard,Chief Accounting Officer,S - Sale+OE,$32.36,-10900,6867,-61%,"-$352,702",0.0,1.0,0.0,12.0,MPAA
354,D,2015-09-11 18:51:12,2015-09-09,MPAA,Schooner Douglas Earl,"VP, Manufacturing",M - OptEx,$6.98,26333,5795,-128%,"+$183,934",0.0,1.0,0.0,12.0,MPAA
355,D,2015-09-11 18:51:12,2015-09-09,MPAA,Schooner Douglas Earl,"VP, Manufacturing",S - Sale+OE,$31.95,-26333,5795,-82%,"-$841,439",0.0,1.0,0.0,12.0,MPAA
356,D,2015-09-09 16:08:32,2015-09-04,MPAA,Kratz Steven,COO,S - Sale+OE,$31.21,-666,6732,-9%,"-$20,786",2.0,5.0,2.0,16.0,MPAA
357,,2015-09-09 16:06:06,2015-09-08,MPAA,Selwyn Joffe,"Pres, CEO, COB",F - Tax,$31.74,-7541,119539,-6%,"-$239,351",2.0,5.0,2.0,16.0,MPAA
358,,2015-09-08 16:42:53,2014-09-05,MPAA,Umansky Michael,"VP, GC, Sec.",F - Tax,$31.74,-1421,5977,-19%,"-$45,103",2.0,5.0,4.0,17.0,MPAA
359,,2015-09-08 16:29:32,2015-09-03,MPAA,Mochulsky Richard K,"VP, Sales",F - Tax,$31.74,-664,9198,-7%,"-$21,075",2.0,5.0,4.0,17.0,MPAA
360,,2015-09-08 16:28:43,2014-09-05,MPAA,Schooner Douglas Earl,Chief Manufacturing Officer,F - Tax,$31.74,-1402,5795,-19%,"-$44,499",2.0,5.0,4.0,17.0,MPAA
361,,2015-09-08 16:27:50,2014-09-05,MPAA,Lee David Sung,CFO,F - Tax,$31.74,-2060,10150,-17%,"-$65,384",2.0,5.0,4.0,17.0,MPAA
362,,2015-09-08 16:24:59,2015-09-03,MPAA,Kratz Steven,COO,F - Tax,$31.74,-2535,7398,-26%,"-$80,461",2.0,5.0,4.0,17.0,MPAA
363,,2015-08-27 17:05:39,2015-08-26,MPAA,Marks Mel,Dir,S - Sale,$29.98,-14474,50596,-22%,"-$433,878",2.0,6.0,2.0,12.0,MPAA
364,,2015-08-25 18:03:02,2015-08-21,MPAA,Marks Mel,Dir,S - Sale,$30.10,-35522,65070,-35%,"-$1,069,365",2.0,8.0,9.0,12.0,MPAA
365,,2015-08-17 16:51:49,2015-08-14,MPAA,Marks Mel,Dir,S - Sale,$31.53,-25000,100592,-20%,"-$788,223",0.0,-6.0,6.0,0.0,MPAA
366,D,2015-06-30 17:59:17,2015-06-24,MPAA,Umansky Michael,"VP, GC, Sec.",F - Tax,$31.39,-353,7398,-5%,"-$11,081",0.0,1.0,-5.0,14.0,MPAA
367,D,2015-06-30 17:59:17,2015-06-24,MPAA,Umansky Michael,"VP, GC, Sec.",M - OptEx,$0.00,867,7398,+13%,+$0,0.0,1.0,-5.0,14.0,MPAA
368,D,2015-06-30 17:30:21,2015-06-24,MPAA,Schooner Douglas Earl,Chief Manufacturing Officer,F - Tax,$31.39,-372,7197,-5%,"-$11,677",0.0,1.0,-5.0,14.0,MPAA
369,D,2015-06-30 17:30:21,2015-06-24,MPAA,Schooner Douglas Earl,Chief Manufacturing Officer,M - OptEx,$0.00,867,7197,+14%,+$0,0.0,1.0,-5.0,14.0,MPAA
370,D,2015-06-30 17:29:50,2015-06-26,MPAA,Mochulsky Richard K,"VP, Sales",M - OptEx,$6.46,4500,9862,+84%,"+$29,070",0.0,1.0,-5.0,14.0,MPAA
371,D,2015-06-30 17:29:09,2015-06-24,MPAA,Mochulsky Richard K,"VP, Sales",F - Tax,$31.39,-176,5362,-3%,"-$5,525",0.0,1.0,-5.0,14.0,MPAA
372,D,2015-06-30 17:29:09,2015-06-24,MPAA,Mochulsky Richard K,"VP, Sales",M - OptEx,$0.00,567,5362,+12%,+$0,0.0,1.0,-5.0,14.0,MPAA
373,D,2015-06-30 17:28:16,2015-06-24,MPAA,Lee David Sung,CFO,F - Tax,$31.39,-568,12210,-4%,"-$17,830",0.0,1.0,-5.0,14.0,MPAA
374,D,2015-06-30 17:28:16,2015-06-24,MPAA,Lee David Sung,CFO,M - OptEx,$0.00,1233,12210,+11%,+$0,0.0,1.0,-5.0,14.0,MPAA
375,D,2015-06-30 17:27:47,2015-06-24,MPAA,Kratz Steven,COO,F - Tax,$31.39,-667,9933,-6%,"-$20,937",0.0,1.0,-5.0,14.0,MPAA
376,D,2015-06-30 17:27:47,2015-06-24,MPAA,Kratz Steven,COO,M - OptEx,$0.00,1333,9933,+16%,+$0,0.0,1.0,-5.0,14.0,MPAA
377,D,2015-06-30 17:27:10,2015-06-24,MPAA,Daly Kevin Gerard,Chief Accounting Officer,M - OptEx,$0.00,667,6867,+11%,+$0,0.0,1.0,-5.0,14.0,MPAA
378,D,2015-06-26 13:23:24,2015-06-23,MPAA,Kratz Steven,COO,M - OptEx,$6.46,10000,9267,-1364%,"+$64,600",0.0,-2.0,-9.0,14.0,MPAA
379,DM,2015-06-26 13:23:24,2015-06-24,MPAA,Kratz Steven,COO,S - Sale+OE,$31.56,-10000,9267,-52%,"-$315,582",0.0,-2.0,-9.0,14.0,MPAA
380,D,2015-06-23 16:53:56,2015-06-19,MPAA,Selwyn Joffe,"Pres, CEO, COB",M - OptEx,$10.01,150000,127080,-654%,"+$1,501,500",-1.0,-6.0,-11.0,6.0,MPAA
381,DM,2015-06-23 16:53:56,2015-06-19,MPAA,Selwyn Joffe,"Pres, CEO, COB",S - Sale+OE,$31.42,-151500,127080,-54%,"-$4,759,880",-1.0,-6.0,-11.0,6.0,MPAA
382,D,2015-06-23 16:26:34,2015-06-19,MPAA,Lee David Sung,CFO,M - OptEx,$10.01,5000,11545,+76%,"+$50,050",-1.0,-6.0,-11.0,6.0,MPAA
383,D,2015-06-23 16:26:34,2015-06-19,MPAA,Lee David Sung,CFO,S - Sale+OE,$31.40,-5000,11545,-30%,"-$157,015",-1.0,-6.0,-11.0,6.0,MPAA
384,D,2015-06-23 16:24:52,2015-06-19,MPAA,Gay Philip,Dir,M - OptEx,$9.90,3000,0,-100%,"+$29,700",-1.0,-6.0,-11.0,6.0,MPAA
385,D,2015-06-23 16:24:52,2015-06-19,MPAA,Gay Philip,Dir,S - Sale+OE,$31.41,-3000,0,-100%,"-$94,220",-1.0,-6.0,-11.0,6.0,MPAA
386,,2015-06-23 10:27:19,2015-06-19,MPAA,Marks Mel,Dir,S - Sale,$31.43,-25000,125592,-17%,"-$785,705",1.0,-5.0,-10.0,7.0,MPAA
387,D,2015-06-17 21:07:35,2015-06-11,MPAA,Selwyn Joffe,"Pres, CEO, COB",F - Tax,$30.66,-5563,128580,-4%,"-$170,562",-2.0,-2.0,-8.0,14.0,MPAA
388,D,2015-06-17 21:07:35,2015-06-11,MPAA,Selwyn Joffe,"Pres, CEO, COB",M - OptEx,$0.00,17196,128580,+15%,+$0,-2.0,-2.0,-8.0,14.0,MPAA
389,,2015-05-07 21:04:11,2015-03-26,MPAA,Mirvis Jeffrey P,Dir,G - Gift,$0.00,-5000,5000,-50%,-$0,1.0,7.0,17.0,32.0,MPAA
390,D,2015-05-07 21:00:49,2015-05-05,MPAA,Mirvis Jeffrey P,Dir,M - OptEx,$0.00,592,5592,+12%,+$0,1.0,7.0,17.0,32.0,MPAA
391,D,2015-05-07 20:43:39,2015-05-05,MPAA,Miller Duane Franklin,Dir,M - OptEx,$0.00,592,1592,+59%,+$0,1.0,7.0,17.0,32.0,MPAA
392,D,2015-05-07 20:40:49,2015-05-05,MPAA,Gay Philip,Dir,M - OptEx,$0.00,592,592,New,+$0,1.0,7.0,17.0,32.0,MPAA
393,D,2015-05-07 20:40:05,2015-05-05,MPAA,Borneo Rudolph J,Dir,M - OptEx,$0.00,592,20592,+3%,+$0,1.0,7.0,17.0,32.0,MPAA
394,D,2015-05-07 20:38:10,2015-05-05,MPAA,Adelson Scott Joseph,Dir,M - OptEx,$0.00,592,10592,+6%,+$0,1.0,7.0,17.0,32.0,MPAA
395,D,2015-05-07 20:37:24,2015-05-05,MPAA,Marks Mel,Dir,M - OptEx,$0.00,592,150592,0%,+$0,1.0,7.0,17.0,32.0,MPAA
396,M,2015-04-01 17:09:51,2015-03-31,MPAA,Marks Mel,Dir,S - Sale,$27.74,-25000,150000,-14%,"-$693,570",1.0,1.0,7.0,12.0,MPAA
397,,2015-03-24 18:31:35,2015-03-20,MPAA,Mirvis Jeffrey P,Dir,P - Purchase,$26.19,1000,5000,+25%,"+$26,190",0.0,7.0,8.0,26.0,MPAA
398,,2015-03-12 14:45:01,2015-03-12,MPAA,Marks Mel,Dir,S - Sale,$25.80,-25000,175000,-13%,"-$645,000",2.0,4.0,9.0,25.0,MPAA
399,,2015-01-09 14:05:27,2015-01-08,MPAA,Marks Mel,Dir,S - Sale,$30.04,-17767,200000,-8%,"-$533,733",-1.0,-5.0,-6.0,-4.0,MPAA
400,D,2014-12-22 15:01:11,2014-12-17,MPAA,Kratz Steven,COO,F - Tax,$32.05,-5000,9267,-35%,"-$160,227",-1.0,-8.0,-11.0,-8.0,MPAA
401,D,2014-12-22 15:01:11,2014-12-17,MPAA,Kratz Steven,COO,M - OptEx,$6.46,5000,9267,+117%,"+$32,300",-1.0,-8.0,-11.0,-8.0,MPAA
402,,2014-12-19 16:02:32,2014-12-17,MPAA,Marks Mel,Dir,S - Sale,$31.93,-10000,217767,-4%,"-$319,336",-1.0,-7.0,-12.0,-9.0,MPAA
403,D,2014-12-19 11:16:18,2014-12-17,MPAA,Schooner Douglas Earl,Chief Manufacturing Officer,F - Tax,$31.96,-4833,6702,-42%,"-$154,472",3.0,-4.0,-9.0,-6.0,MPAA
404,D,2014-12-19 11:16:18,2014-12-17,MPAA,Schooner Douglas Earl,Chief Manufacturing Officer,M - OptEx,$9.32,4833,6702,+259%,"+$45,044",3.0,-4.0,-9.0,-6.0,MPAA
405,D,2014-12-17 15:46:57,2014-12-16,MPAA,Daly Kevin Gerard,Chief Accounting Officer,F - Tax,$31.87,-14702,6200,-70%,"-$468,494",1.0,3.0,-6.0,0.0,MPAA
406,D,2014-12-17 15:46:57,2014-12-16,MPAA,Daly Kevin Gerard,Chief Accounting Officer,M - OptEx,$6.46,11000,6200,-229%,"+$71,060",1.0,3.0,-6.0,0.0,MPAA
407,D,2014-12-17 11:39:20,2014-12-16,MPAA,Mochulsky Richard K,"VP, Sales",F - Tax,$32.20,-3521,5538,-39%,"-$113,376",1.0,3.0,-6.0,0.0,MPAA
408,D,2014-12-17 11:39:20,2014-12-16,MPAA,Mochulsky Richard K,"VP, Sales",M - OptEx,$6.46,3521,5538,+175%,"+$22,746",1.0,3.0,-6.0,0.0,MPAA
409,DM,2014-12-16 16:13:40,2014-12-12,MPAA,Mochulsky Richard K,"VP, Sales",F - Tax,$32.05,-8179,5538,-60%,"-$262,164",1.0,8.0,-9.0,2.0,MPAA
410,DM,2014-12-16 16:13:40,2014-12-12,MPAA,Mochulsky Richard K,"VP, Sales",M - OptEx,$9.86,8179,5538,-310%,"+$80,666",1.0,8.0,-9.0,2.0,MPAA
411,D,2014-12-12 16:31:58,2014-12-10,MPAA,Daly Kevin Gerard,Chief Accounting Officer,F - Tax,$33.54,-2531,9902,-20%,"-$84,893",1.0,6.0,-3.0,-7.0,MPAA
412,D,2014-12-12 16:31:58,2014-12-10,MPAA,Daly Kevin Gerard,Chief Accounting Officer,M - OptEx,$10.39,6233,9902,+170%,"+$64,792",1.0,6.0,-3.0,-7.0,MPAA
413,,2014-12-09 09:55:56,2014-12-04,MPAA,Kratz Steven,COO,S - Sale,$36.09,-2101,9267,-18%,"-$75,817",2.0,-3.0,-7.0,-5.0,MPAA
414,,2014-12-04 15:22:35,2014-12-03,MPAA,Daly Kevin Gerard,Chief Accounting Officer,S - Sale,$35.21,-3000,6200,-33%,"-$105,630",-3.0,-8.0,-18.0,-15.0,MPAA
415,,2014-09-09 18:21:54,2014-09-05,MPAA,Selwyn Joffe,"Pres, CEO, COB",F - Tax,$30.21,-12426,116947,-10%,"-$375,389",-1.0,-2.0,-18.0,-16.0,MPAA
416,,2014-09-09 17:38:27,2014-09-05,MPAA,Schooner Douglas Earl,Chief Manufacturing Officer,F - Tax,$30.21,-1398,6702,-17%,"-$42,234",-1.0,-2.0,-18.0,-16.0,MPAA
417,,2014-09-09 15:40:34,2014-09-05,MPAA,Umansky Michael,"VP, GC, Sec.",F - Tax,$30.21,-1416,6884,-17%,"-$42,777",-2.0,-3.0,-20.0,-18.0,MPAA
418,,2014-09-09 15:39:55,2014-09-05,MPAA,Mochulsky Richard K,"VP, Sales",F - Tax,$30.21,-662,5538,-11%,"-$19,999",-2.0,-3.0,-20.0,-18.0,MPAA
419,,2014-09-09 15:39:11,2014-09-05,MPAA,Lee David Sung,CFO,F - Tax,$30.21,-2055,11545,-15%,"-$62,082",-2.0,-3.0,-20.0,-18.0,MPAA
420,,2014-09-09 15:38:19,2014-09-05,MPAA,Kratz Steven,COO,F - Tax,$30.21,-2532,11368,-18%,"-$76,492",-2.0,-3.0,-20.0,-18.0,MPAA
421,D,2014-06-26 16:31:38,2014-06-24,MPAA,Selwyn Joffe,"Pres, CEO, COB",F - Tax,$22.93,-2157,129373,-2%,"-$49,460",0.0,4.0,0.0,41.0,MPAA
422,D,2014-06-26 16:31:38,2014-06-24,MPAA,Selwyn Joffe,"Pres, CEO, COB",M - OptEx,$0.00,4400,129373,+4%,+$0,0.0,4.0,0.0,41.0,MPAA
423,,2014-06-02 16:48:19,2014-06-02,MPAA,Marks Mel,Dir,S - Sale,$22.74,-22103,248990,-8%,"-$502,622",-1.0,4.0,5.0,46.0,MPAA
424,,2014-05-22 16:59:58,2014-05-19,MPAA,Mirvis Jeffrey P,Dir,S - Sale,$0.00,-3000,3000,-50%,-$0,-3.0,-6.0,-10.0,26.0,MPAA
425,,2014-05-09 12:38:31,2014-05-08,MPAA,Marks Mel,Dir,S - Sale,$25.95,-2900,268193,-1%,"-$75,255",1.0,3.0,-3.0,18.0,MPAA
426,,2014-05-07 16:51:58,2014-05-07,MPAA,Marks Mel,Dir,S - Sale,$26.34,-20000,271093,-7%,"-$526,800",-7.0,-3.0,-11.0,11.0,MPAA
427,,2014-04-04 08:55:20,2014-04-02,MPAA,Marks Mel,Dir,S - Sale,$26.71,-22830,291093,-7%,"-$609,789",-4.0,0.0,8.0,1.0,MPAA
428,D,2014-04-02 13:22:31,2014-03-31,MPAA,Schooner Douglas Earl,"VP, Global Manufacturing",M - OptEx,$12.00,15000,8100,-217%,"+$180,000",-1.0,-6.0,2.0,1.0,MPAA
429,D,2014-04-02 13:22:31,2014-03-31,MPAA,Schooner Douglas Earl,"VP, Global Manufacturing",S - Sale+OE,$26.36,-15000,8100,-65%,"-$395,400",-1.0,-6.0,2.0,1.0,MPAA
430,D,2014-03-05 18:18:47,2014-03-03,MPAA,Umansky Michael,"VP, GC, Secretar",M - OptEx,$6.46,12140,8300,-316%,"+$78,424",-2.0,-2.0,7.0,22.0,MPAA
431,D,2014-03-05 18:18:47,2014-03-03,MPAA,Umansky Michael,"VP, GC, Secretar",S - Sale+OE,$24.60,-12140,8300,-59%,"-$298,644",-2.0,-2.0,7.0,22.0,MPAA
432,M,2014-03-04 16:45:06,2014-03-03,MPAA,Marks Mel,Dir,S - Sale,$24.64,-23073,293923,-7%,"-$568,427",1.0,-2.0,9.0,22.0,MPAA
433,D,2014-03-04 15:02:25,2014-02-28,MPAA,Umansky Michael,"VP, GC, Secretar",M - OptEx,$6.46,1260,8300,+18%,"+$8,140",1.0,-1.0,10.0,24.0,MPAA
434,D,2014-03-04 15:02:25,2014-02-28,MPAA,Umansky Michael,"VP, GC, Secretar",S - Sale+OE,$24.98,-1260,8300,-13%,"-$31,475",1.0,-1.0,10.0,24.0,MPAA
435,D,2014-02-27 18:22:19,2014-02-26,MPAA,Umansky Michael,"VP, GC, Secretar",M - OptEx,$12.00,10000,8300,-588%,"+$120,000",-1.0,0.0,0.0,12.0,MPAA
436,D,2014-02-27 18:22:19,2014-02-26,MPAA,Umansky Michael,"VP, GC, Secretar",S - Sale+OE,$24.25,-10000,8300,-55%,"-$242,500",-1.0,0.0,0.0,12.0,MPAA
437,D,2014-02-27 18:21:32,2014-02-25,MPAA,Umansky Michael,"VP, GC, Secretar",M - OptEx,$10.14,20700,8300,-167%,"+$209,993",-1.0,0.0,0.0,12.0,MPAA
438,D,2014-02-27 18:21:32,2014-02-25,MPAA,Umansky Michael,"VP, GC, Secretar",S - Sale+OE,$24.13,-20700,8300,-71%,"-$499,516",-1.0,0.0,0.0,12.0,MPAA
439,D,2014-02-25 16:16:57,2014-02-24,MPAA,Umansky Michael,"VP, GC, Secretar",M - OptEx,$10.01,5700,8300,+219%,"+$57,057",-2.0,0.0,1.0,12.0,MPAA
440,D,2014-02-25 16:16:57,2014-02-24,MPAA,Umansky Michael,"VP, GC, Secretar",S - Sale+OE,$25.00,-5700,8300,-41%,"-$142,500",-2.0,0.0,1.0,12.0,MPAA
441,D,2014-02-18 16:27:10,2014-02-14,MPAA,Gay Philip,Dir,M - OptEx,$7.45,25000,0,-100%,"+$186,250",-7.0,-8.0,-8.0,5.0,MPAA
442,D,2014-02-18 16:27:10,2014-02-14,MPAA,Gay Philip,Dir,S - Sale+OE,$26.21,-25000,0,-100%,"-$655,250",-7.0,-8.0,-8.0,5.0,MPAA
443,,2014-02-05 16:32:54,2014-02-03,MPAA,Marks Mel,Dir,S - Sale,$20.12,-23750,316996,-7%,"-$477,850",8.0,25.0,25.0,18.0,MPAA
444,D,2014-01-07 19:23:08,2014-01-06,MPAA,Borneo Rudolph J,Dir,M - OptEx,$7.45,25000,20000,-500%,"+$186,250",0.0,-1.0,-1.0,23.0,MPAA
445,D,2014-01-07 19:23:08,2014-01-06,MPAA,Borneo Rudolph J,Dir,S - Sale+OE,$19.21,-25000,20000,-56%,"-$480,250",0.0,-1.0,-1.0,23.0,MPAA
446,,2014-01-03 11:49:53,2014-01-02,MPAA,Marks Mel,Dir,S - Sale,$18.79,-24000,340746,-7%,"-$450,960",2.0,3.0,5.0,27.0,MPAA
447,D,2013-12-17 13:39:24,2013-12-13,MPAA,Kratz Steven,COO,M - OptEx,$9.62,8500,13900,+157%,"+$81,810",0.0,5.0,15.0,39.0,MPAA
448,D,2013-12-17 13:39:24,2013-12-13,MPAA,Kratz Steven,COO,S - Sale+OE,$18.68,-8500,13900,-38%,"-$158,780",0.0,5.0,15.0,39.0,MPAA
449,D,2013-12-13 15:56:20,2013-12-12,MPAA,Daly Kevin Gerard,Chief Accounting Officer,M - OptEx,$10.15,5000,9200,+119%,"+$50,750",-1.0,-8.0,4.0,30.0,MPAA
450,D,2013-12-13 15:56:20,2013-12-12,MPAA,Daly Kevin Gerard,Chief Accounting Officer,S - Sale+OE,$19.01,-5000,9200,-35%,"-$95,050",-1.0,-8.0,4.0,30.0,MPAA
451,D,2013-12-11 15:31:58,2013-12-09,MPAA,Schooner Douglas Earl,"VP, Global Manufacturing",M - OptEx,$10.60,17000,8100,-191%,"+$180,120",-1.0,-5.0,9.0,30.0,MPAA
452,D,2013-12-11 15:31:58,2013-12-09,MPAA,Schooner Douglas Earl,"VP, Global Manufacturing",S - Sale+OE,$18.01,-17000,8100,-68%,"-$306,170",-1.0,-5.0,9.0,30.0,MPAA
453,D,2013-12-10 18:05:37,2013-12-10,MPAA,Selwyn Joffe,"Pres, CEO, COB",M - OptEx,$9.27,100000,127130,+369%,"+$927,000",-1.0,-5.0,6.0,32.0,MPAA
454,D,2013-12-10 18:05:37,2013-12-10,MPAA,Selwyn Joffe,"Pres, CEO, COB",S - Sale+OE,$18.43,-100000,127130,-44%,"-$1,843,000",-1.0,-5.0,6.0,32.0,MPAA
455,D,2013-12-10 18:04:00,2013-12-09,MPAA,Selwyn Joffe,"Pres, CEO, COB",M - OptEx,$9.27,7365,127130,+6%,"+$68,274",-1.0,-5.0,6.0,32.0,MPAA
456,D,2013-12-10 18:04:00,2013-12-09,MPAA,Selwyn Joffe,"Pres, CEO, COB",S - Sale+OE,$17.82,-7365,127130,-5%,"-$131,244",-1.0,-5.0,6.0,32.0,MPAA
457,D,2013-12-10 18:03:04,2013-12-06,MPAA,Selwyn Joffe,"Pres, CEO, COB",M - OptEx,$9.27,92635,127130,+269%,"+$858,726",-1.0,-5.0,6.0,32.0,MPAA
458,D,2013-12-10 18:03:04,2013-12-06,MPAA,Selwyn Joffe,"Pres, CEO, COB",S - Sale+OE,$17.61,-92635,127130,-42%,"-$1,631,302",-1.0,-5.0,6.0,32.0,MPAA
459,,2013-12-04 14:59:55,2013-12-03,MPAA,Marks Mel,Dir,S - Sale,$17.37,-25747,364746,-7%,"-$447,225",-1.0,8.0,13.0,36.0,MPAA
460,,2013-11-06 18:38:27,2013-11-04,MPAA,Marks Mel,Dir,S - Sale,$13.50,-20000,390493,-5%,"-$270,000",-1.0,26.0,33.0,85.0,MPAA
461,,2013-11-06 18:37:43,2013-11-01,MPAA,Marks Mel,Dir,S - Sale,$13.58,-7168,410493,-2%,"-$97,341",-1.0,26.0,33.0,85.0,MPAA
462,D,2013-10-04 17:52:16,2013-10-04,MPAA,Schooner Douglas Earl,"VP, Global Manufacturing",M - OptEx,$8.70,299,8100,+4%,"+$2,601",0.0,3.0,4.0,98.0,MPAA
463,D,2013-10-04 17:52:16,2013-10-04,MPAA,Schooner Douglas Earl,"VP, Global Manufacturing",S - Sale+OE,$12.77,-299,8100,-4%,"-$3,818",0.0,3.0,4.0,98.0,MPAA
464,D,2013-10-03 18:33:20,2013-10-01,MPAA,Schooner Douglas Earl,"VP, Global Manufacturing",M - OptEx,$8.70,11701,8100,-325%,"+$101,799",1.0,2.0,8.0,105.0,MPAA
465,D,2013-10-03 18:33:20,2013-10-01,MPAA,Schooner Douglas Earl,"VP, Global Manufacturing",S - Sale+OE,$12.79,-11701,8100,-59%,"-$149,656",1.0,2.0,8.0,105.0,MPAA
466,,2013-10-03 10:59:43,2013-10-01,MPAA,Marks Mel,Dir,S - Sale,$12.84,-27785,417655,-6%,"-$356,759",-1.0,0.0,7.0,104.0,MPAA
467,,2013-09-24 16:34:46,2013-09-24,MPAA,Marks Mel,Dir,S - Sale,$12.00,-13100,445440,-3%,"-$157,200",0.0,4.0,16.0,106.0,MPAA
468,,2013-09-24 16:33:59,2013-09-23,MPAA,Marks Mel,Dir,S - Sale,$12.00,-26900,458540,-6%,"-$322,800",0.0,4.0,16.0,106.0,MPAA
469,D,2013-09-05 21:11:49,2013-09-03,MPAA,Umansky Michael,"VP, GC, Secretar",A - Grant,$0.00,8300,8300,New,+$0,-4.0,2.0,28.0,151.0,MPAA
470,D,2013-09-05 17:42:06,2013-09-03,MPAA,Mochulsky Richard K,"VP, Sales",A - Grant,$0.00,5200,6200,+520%,+$0,-4.0,2.0,28.0,151.0,MPAA
471,D,2013-09-05 17:41:25,2013-09-03,MPAA,Schooner Douglas Earl,"VP, Global Manufacturing",A - Grant,$0.00,8100,8100,New,+$0,-4.0,2.0,28.0,151.0,MPAA
472,D,2013-09-05 17:40:41,2013-09-03,MPAA,Daly Kevin Gerard,Chief Accounting Officer,A - Grant,$0.00,6200,9200,+207%,+$0,-4.0,2.0,28.0,151.0,MPAA
473,D,2013-09-05 17:40:02,2013-09-03,MPAA,Lee David Sung,CFO,A - Grant,$0.00,11600,13600,+580%,+$0,-4.0,2.0,28.0,151.0,MPAA
474,D,2013-09-05 17:39:11,2013-09-03,MPAA,Kratz Steven,COO,A - Grant,$0.00,13900,13900,New,+$0,-4.0,2.0,28.0,151.0,MPAA
475,,2013-09-05 17:38:19,2013-09-03,MPAA,Marks Mel,Dir,S - Sale,$9.69,-10000,485440,-2%,"-$96,900",-4.0,2.0,28.0,151.0,MPAA
476,D,2013-09-05 17:37:17,2013-09-03,MPAA,Selwyn Joffe,"Pres, CEO, COB",A - Grant,$0.00,46600,127130,+58%,+$0,-4.0,2.0,28.0,151.0,MPAA
477,,2013-09-04 09:59:04,2013-09-03,MPAA,Marks Mel,Dir,S - Sale,$9.30,-10850,495440,-2%,"-$100,905",4.0,8.0,38.0,168.0,MPAA
478,,2013-08-23 13:11:04,2013-08-22,MPAA,Miller Duane Franklin,Dir,P - Purchase,$9.48,1000,1000,New,"+$9,480",2.0,-1.0,26.0,165.0,MPAA
479,A,2013-08-22 10:18:50,2011-08-23,MPAA,Mirvis Jeffrey P,Dir,P - Purchase,$9.40,1000,6000,+20%,"+$9,398",-1.0,-2.0,11.0,166.0,MPAA
480,,2013-08-20 17:25:59,2013-08-19,MPAA,Mirvis Jeffrey P,Dir,P - Purchase,$9.35,1000,7000,+17%,"+$9,350",1.0,0.0,10.0,167.0,MPAA
481,,2013-08-07 11:47:49,2013-08-05,MPAA,Marks Mel,Dir,S - Sale,$8.49,-14750,506296,-3%,"-$125,228",2.0,15.0,16.0,130.0,MPAA
482,,2013-07-03 10:39:24,2013-07-02,MPAA,Marks Mel,Dir,S - Sale,$9.26,-13500,521046,-3%,"-$125,010",-1.0,-1.0,-7.0,109.0,MPAA
483,,2013-06-28 16:17:09,2013-06-27,MPAA,Marks Mel,Dir,S - Sale,$9.27,-6000,534546,-1%,"-$55,620",1.0,1.0,-5.0,102.0,MPAA
484,,2013-06-28 16:16:06,2013-06-26,MPAA,Marks Mel,Dir,S - Sale,$9.31,-4000,540546,-1%,"-$37,240",1.0,1.0,-5.0,102.0,MPAA
485,,2013-03-08 17:44:07,2013-03-08,MPAA,Marks Mel,Dir,S - Sale,$5.52,-220,544546,0%,"-$1,214",7.0,13.0,15.0,78.0,MPAA
486,,2013-03-08 17:43:09,2013-03-07,MPAA,Marks Mel,Dir,S - Sale,$5.46,-19700,544766,-3%,"-$107,562",7.0,13.0,15.0,78.0,MPAA
487,,2013-03-08 14:20:25,2013-03-06,MPAA,Marks Mel,Dir,S - Sale,$5.41,-3200,564466,-1%,"-$17,312",3.0,15.0,18.0,81.0,MPAA
488,,2013-02-27 16:28:48,2013-02-26,MPAA,Marks Mel,Dir,S - Sale,$5.76,-10000,567666,-2%,"-$57,600",0.0,-1.0,10.0,71.0,MPAA
489,,2013-02-27 16:28:07,2013-02-25,MPAA,Marks Mel,Dir,S - Sale,$5.82,-11697,577666,-2%,"-$68,077",0.0,-1.0,10.0,71.0,MPAA
490,,2013-02-27 16:27:30,2013-02-22,MPAA,Marks Mel,Dir,S - Sale,$5.81,-8303,589363,-1%,"-$48,240",0.0,-1.0,10.0,71.0,MPAA
491,,2013-01-16 17:54:45,2013-01-15,MPAA,Marks Mel,"Dir, 10%",S - Sale,$6.04,-10000,597666,-2%,"-$60,400",-2.0,-4.0,1.0,27.0,MPAA
492,,2013-01-14 14:20:55,2013-01-11,MPAA,Marks Mel,"Dir, 10%",S - Sale,$6.04,-16556,607666,-3%,"-$99,998",-1.0,-2.0,-1.0,29.0,MPAA
493,,2013-01-14 14:18:40,2013-01-10,MPAA,Marks Mel,"Dir, 10%",S - Sale,$5.79,-17271,624222,-3%,"-$99,999",-1.0,-2.0,-1.0,29.0,MPAA
494,,2013-01-11 13:32:58,2013-01-10,MPAA,Mochulsky Richard K,"VP, Sales",P - Purchase,$6.81,1000,1000,New,"+$6,813",4.0,0.0,-3.0,34.0,MPAA
495,,2012-12-17 14:39:14,2012-12-13,MPAA,Marks Mel,Dir,S - Sale,$5.23,-19120,641493,-3%,"-$99,998",5.0,7.0,14.0,30.0,MPAA
496,,2012-05-07 15:29:55,2012-05-02,MPAA,Marks Mel,Dir,S - Sale,$7.00,-200000,660613,-23%,"-$1,400,000",2.0,-3.0,-43.0,-36.0,MPAA
497,D,2012-04-30 17:03:09,2012-04-26,MPAA,Selwyn Joffe,"COB, Pres, CEO",M - OptEx,$3.60,1500,54500,+3%,"+$5,400",4.0,-1.0,-38.0,-38.0,MPAA
498,,2011-09-12 16:42:18,2011-09-09,MPAA,Kratz Steven,COO,M - OptEx,$3.15,26935,0,-100%,"+$84,845",3.0,0.0,-12.0,-7.0,MPAA
499,,2011-09-12 16:42:18,2011-09-09,MPAA,Kratz Steven,COO,S - Sale,$9.80,-26935,0,-100%,"-$263,955",3.0,0.0,-12.0,-7.0,MPAA
500,,2011-09-09 18:13:55,2011-09-08,MPAA,Kratz Steven,COO,M - OptEx,$3.15,700,0,-100%,"+$2,205",-2.0,0.0,-17.0,-11.0,MPAA
501,,2011-09-09 18:13:55,2011-09-08,MPAA,Kratz Steven,COO,S - Sale,$10.01,-700,0,-100%,"-$7,005",-2.0,0.0,-17.0,-11.0,MPAA
502,,2011-09-09 18:11:41,2011-09-07,MPAA,Kratz Steven,COO,M - OptEx,$3.15,7965,0,-100%,"+$25,090",-2.0,0.0,-17.0,-11.0,MPAA
503,,2011-09-09 18:11:41,2011-09-07,MPAA,Kratz Steven,COO,S - Sale,$10.01,-7965,0,-100%,"-$79,747",-2.0,0.0,-17.0,-11.0,MPAA
504,D,2011-09-09 15:11:14,2011-09-02,MPAA,Mochulsky Richard K,"VP, Sales",A - Grant,$0.00,4200,4200,New,+$0,1.0,1.0,-16.0,-10.0,MPAA
505,D,2011-09-07 19:58:02,2011-09-02,MPAA,Kratz Steven,COO,A - Grant,$0.00,11200,11200,New,+$0,-1.0,0.0,-16.0,-9.0,MPAA
506,D,2011-09-07 19:39:18,2011-09-02,MPAA,Selwyn Joffe,"Pres, CEO, COB",A - Grant,$0.00,37700,90700,+71%,+$0,-1.0,0.0,-16.0,-9.0,MPAA
507,D,2011-09-07 19:25:08,2011-09-02,MPAA,Umansky Michael,"VP, GC, Secretar",A - Grant,$0.00,6700,6700,New,+$0,-1.0,0.0,-16.0,-9.0,MPAA
508,D,2011-09-07 19:22:48,2011-09-02,MPAA,Daly Kevin Gerard,Chief Accounting Officer,A - Grant,$0.00,3500,6500,+117%,+$0,-1.0,0.0,-16.0,-9.0,MPAA
509,D,2011-09-07 19:20:53,2011-09-02,MPAA,Lee David Sung,CFO,A - Grant,$0.00,9400,11400,+470%,+$0,-1.0,0.0,-16.0,-9.0,MPAA
510,M,2011-09-02 12:08:35,2011-08-31,MPAA,Marks Mel,Dir,S - Sale,$10.13,-52974,892290,-6%,"-$536,434",-2.0,0.0,-23.0,-15.0,MPAA
511,M,2011-08-31 16:02:28,2011-08-29,MPAA,Marks Mel,Dir,S - Sale,$10.14,-35000,945264,-4%,"-$354,991",-2.0,-2.0,-16.0,-16.0,MPAA
512,A,2011-08-31 16:01:37,2011-08-26,MPAA,Marks Mel,Dir,S - Sale,$9.75,-14900,980264,-1%,"-$145,224",-2.0,-2.0,-16.0,-16.0,MPAA
513,M,2011-08-26 18:35:47,2011-08-25,MPAA,Marks Mel,Dir,S - Sale,$9.69,-18797,986584,-2%,"-$182,093",4.0,1.0,-12.0,-15.0,MPAA
514,M,2011-08-25 14:29:16,2011-08-23,MPAA,Marks Mel,Dir,S - Sale,$9.44,-46503,1005381,-4%,"-$438,850",-1.0,6.0,-12.0,-13.0,MPAA
515,,2011-08-24 09:58:01,2011-08-23,MPAA,Mirvis Jeffrey P,Dir,P - Purchase,$9.40,1000,6000,+20%,"+$9,398",3.0,9.0,-9.0,-9.0,MPAA
516,M,2011-08-23 13:37:52,2011-08-19,MPAA,Marks Mel,Dir,S - Sale,$9.72,-50406,1051884,-5%,"-$490,138",2.0,11.0,-2.0,-11.0,MPAA
517,D,2011-03-24 16:49:06,2011-03-22,MPAA,Selwyn Joffe,"Pres, CEO, COB",M - OptEx,$1.13,1500,53000,+3%,"+$1,695",-1.0,0.0,-2.0,-36.0,MPAA
518,,2010-08-20 15:51:11,2010-08-18,MPAA,Daly Kevin Gerard,Chief Accounting Officer,S - Sale,$7.50,-2000,3000,-40%,"-$15,000",-2.0,-7.0,16.0,99.0,MPAA
519,M,2010-07-13 17:01:25,2010-07-09,MPAA,Marks Mel,"Dir, 10%",S - Sale,$6.23,-86611,1102290,-7%,"-$539,411",0.0,2.0,8.0,100.0,MPAA
520,,2010-07-02 18:41:34,2010-06-30,MPAA,Marks Mel,"Dir, 10%",S - Sale,$6.60,-6500,1188901,-1%,"-$42,908",1.0,2.0,10.0,108.0,MPAA
521,,2010-07-01 10:30:06,2010-06-30,MPAA,Marks Mel,"Dir, 10%",S - Sale,$6.69,-8600,1195401,-1%,"-$57,527",-3.0,-2.0,5.0,97.0,MPAA
522,,2010-06-30 10:47:25,2010-06-28,MPAA,Marks Mel,"Dir, 10%",S - Sale,$6.94,-1700,1204001,0%,"-$11,798",-3.0,-7.0,2.0,88.0,MPAA
523,,2010-06-25 12:04:26,2010-06-23,MPAA,Marks Mel,"Dir, 10%",S - Sale,$7.15,-11198,1205701,-1%,"-$80,066",-3.0,-11.0,-4.0,77.0,MPAA
524,D,2010-06-24 15:38:25,2010-06-22,MPAA,Stricker Thomas William,"VP, Sales",M - OptEx,$3.15,17250,0,-100%,"+$54,338",-3.0,-11.0,-11.0,73.0,MPAA
525,D,2010-06-24 15:38:25,2010-06-22,MPAA,Stricker Thomas William,"VP, Sales",S - Sale+OE,$7.07,-17250,0,-100%,"-$121,928",-3.0,-11.0,-11.0,73.0,MPAA
526,M,2010-06-23 15:32:56,2010-06-21,MPAA,Marks Mel,"Dir, 10%",S - Sale,$7.22,-54286,1216899,-4%,"-$392,043",0.0,-8.0,-10.0,73.0,MPAA
527,D,2010-04-28 13:58:08,2010-04-23,MPAA,Marks Mel,"Dir, 10%",M - OptEx,$1.94,6000,1271185,0%,"+$11,610",0.0,10.0,-6.0,52.0,MPAA
528,D,2010-04-28 13:33:07,2010-04-22,MPAA,Selwyn Joffe,"Pres, CEO, COB",M - OptEx,$1.21,1500,51500,+3%,"+$1,815",0.0,10.0,-6.0,52.0,MPAA
529,D,2010-01-11 13:51:54,2010-01-07,MPAA,Selwyn Joffe,"Pres, CEO, COB",M - OptEx,$2.20,30000,50000,+150%,"+$66,000",2.0,10.0,14.0,23.0,MPAA
530,,2009-12-29 14:59:37,2009-12-22,MPAA,Marks Mel,"Dir, 10%",G - Gift,$0.00,-49050,1265185,-4%,-$0,0.0,-1.0,14.0,29.0,MPAA
531,D,2009-08-26 14:41:56,2009-08-25,MPAA,Selwyn Joffe,"Pres, CEO, COB",M - OptEx,$2.20,10000,20000,+100%,"+$22,000",1.0,3.0,7.0,2.0,MPAA
532,,2009-08-25 19:01:05,2009-08-24,MPAA,Lee David Sung,CFO,P - Purchase,$5.15,2000,2000,New,"+$10,299",1.0,4.0,6.0,3.0,MPAA
533,,2009-08-25 18:49:14,2009-08-24,MPAA,Adelson Scott Joseph,Dir,P - Purchase,$5.16,10000,10000,New,"+$51,581",1.0,4.0,6.0,3.0,MPAA
534,,2009-03-12 15:22:52,2009-03-12,MPAA,Selwyn Joffe,"Pres, CEO, COB",P - Purchase,$3.05,10000,10000,New,"+$30,500",8.0,19.0,39.0,68.0,MPAA
535,,2009-01-15 16:59:36,2009-01-15,MPAA,Borneo Rudolph J,Dir,P - Purchase,$4.80,10000,20000,+100%,"+$47,972",3.0,-10.0,-14.0,-20.0,MPAA
536,,2009-01-08 17:56:39,2008-11-24,MPAA,Marks Mel,"Dir, 10%",G - Gift,$0.00,-36920,1314235,-3%,-$0,7.0,21.0,25.0,10.0,MPAA
537,M,2008-11-24 16:29:37,2008-11-20,MPAA,Daly Kevin Gerard,Chief Accounting Officer,P - Purchase,$3.26,5000,5000,New,"+$16,318",15.0,30.0,15.0,43.0,MPAA
538,,2008-09-02 17:12:25,2008-08-29,MPAA,Marks Mel,"Dir, 10%",S - Sale,$7.00,-200000,1351155,-13%,"-$1,400,000",0.0,1.0,-14.0,-45.0,MPAA
539,,2008-07-11 16:00:50,2008-07-09,MPAA,Marks Mel,"Dir, 10%",S - Sale,$7.00,-5500,1551155,0%,"-$38,500",-2.0,-1.0,-1.0,-45.0,MPAA
540,,2008-07-11 11:55:28,2008-07-09,MPAA,Borneo Rudolph J,Dir,P - Purchase,$7.01,10000,10000,New,"+$70,085",0.0,-1.0,-1.0,-45.0,MPAA
541,,2008-07-07 18:24:09,2008-07-02,MPAA,Marks Mel,"Dir, 10%",S - Sale,$7.05,-8700,1562655,-1%,"-$61,292",-1.0,-2.0,-7.0,-41.0,MPAA
542,M,2008-07-01 14:41:32,2008-06-27,MPAA,Marks Mel,"Dir, 10%",S - Sale,$7.11,-101300,1571355,-6%,"-$720,007",-1.0,-11.0,-13.0,-54.0,MPAA
543,D,2007-05-22 15:59:09,2007-05-18,MPAA,Costa Brava Partnership III LP,10%,P - Purchase,$11.00,91000,968958,+10%,"+$1,001,000",0.0,5.0,5.0,-13.0,MPAA
544,,2006-09-15 11:08:28,2006-09-14,MPAA,Marks Mel,"Dir, 10%",S - Sale,$13.20,-40000,1733639,-2%,"-$528,000",0.0,1.0,3.0,4.0,MPAA
545,,2006-08-08 15:52:31,2006-08-04,MPAA,Marks Mel,"Dir, 10%",S - Sale,$12.15,-40000,1773639,-2%,"-$486,000",0.0,1.0,7.0,10.0,MPAA
546,,2006-05-30 13:42:34,2006-05-25,MPAA,Marks Mel,"Dir, 10%",S - Sale,$11.80,-40000,1813639,-2%,"-$472,000",0.0,-1.0,3.0,21.0,MPAA
547,,2006-04-26 17:43:37,2006-04-24,MPAA,Marks Mel,"Dir, 10%",S - Sale,$12.50,-20000,1853639,-1%,"-$250,000",0.0,-2.0,-4.0,5.0,MPAA
548,,2006-04-21 17:21:06,2006-04-20,MPAA,Marks Mel,"Dir, 10%",S - Sale,$12.50,-20000,1873639,-1%,"-$250,000",0.0,0.0,-6.0,9.0,MPAA
549,,2006-02-17 16:17:12,2006-02-16,MPAA,Marks Mel,"Dir, 10%",S - Sale,$10.60,-42000,1893639,-2%,"-$445,200",-3.0,6.0,12.0,2.0,MPAA
550,,2006-01-18 17:43:05,2006-01-17,MPAA,Marks Mel,"Dir, 10%",S - Sale,$10.00,-40000,1935639,-2%,"-$400,000",1.0,1.0,4.0,24.0,MPAA
551,D,2005-11-25 15:42:04,2005-11-23,MPAA,Kratz Steven,SVP-Operations,M - OptEx,$3.15,20000,0,-100%,"+$63,000",0.0,4.0,4.0,25.0,MPAA
552,D,2005-11-25 15:42:04,2005-11-23,MPAA,Kratz Steven,SVP-Operations,S - Sale+OE,$9.60,-20000,0,-100%,"-$192,000",0.0,4.0,4.0,25.0,MPAA
553,DM,2005-11-22 18:40:36,2005-11-18,MPAA,Siegel Irving,Dir,M - OptEx,$2.62,16500,0,-100%,"+$43,200",-1.0,2.0,4.0,24.0,MPAA
554,DM,2005-11-22 18:40:36,2005-11-18,MPAA,Siegel Irving,Dir,S - Sale+OE,$9.77,-16500,0,-100%,"-$161,231",-1.0,2.0,4.0,24.0,MPAA
555,D,2005-11-18 17:46:41,2005-11-17,MPAA,Siegel Irving,Dir,M - OptEx,$2.70,10000,0,-100%,"+$27,000",-1.0,-2.0,1.0,20.0,MPAA
556,D,2005-11-18 17:46:41,2005-11-17,MPAA,Siegel Irving,Dir,S - Sale+OE,$10.00,-10000,0,-100%,"-$100,000",-1.0,-2.0,1.0,20.0,MPAA
557,D,2005-08-22 09:18:27,2005-08-19,MPAA,Yeagley Charles,"CFO, Secretary",M - OptEx,$0.93,25000,25000,New,"+$23,250",0.0,-2.0,-2.0,4.0,MPAA
558,,2005-04-13 17:06:30,2005-01-26,MPAA,Marks Mel,"Dir, 10%",G - Gift,$0.00,-18824,1975639,-1%,-$0,0.0,0.0,-2.0,-2.0,MPAA
559,,2004-06-23 10:54:22,2004-05-26,MPAA,Horn Douglas,Dir,G - Gift,$0.00,-12000,165700,-7%,-$0,3.0,3.0,24.0,15.0,MPAA
560,,2004-04-29 11:04:00,2004-02-05,MPAA,Marks Mel,"Dir, 10%",G - Gift,$0.00,-28160,1994463,-1%,-$0,0.0,1.0,-4.0,-2.0,MPAA
561,D,2004-04-05 14:59:38,2004-03-31,MPAA,Kratz Steven,SVP-Operations,M - OptEx,$3.15,8000,0,-100%,"+$25,200",1.0,1.0,1.0,-10.0,MPAA
562,D,2004-04-05 14:59:38,2004-03-31,MPAA,Kratz Steven,SVP-Operations,S - Sale+OE,$8.20,-8000,0,-100%,"-$65,600",1.0,1.0,1.0,-10.0,MPAA
563,,2004-03-08 19:48:25,2004-03-05,MPAA,Marks Mel,"Dir, 10%",S - Sale,$7.65,-55000,2022623,-3%,"-$420,998",-1.0,-4.0,7.0,-3.0,MPAA
564,,2004-03-02 17:55:55,2004-03-01,MPAA,Marks Mel,"Dir, 10%",S - Sale,$7.65,-25000,2077623,-1%,"-$191,250",-1.0,3.0,8.0,-1.0,MPAA
565,A,2003-12-30 16:58:42,2003-09-25,MPAA,Marks Mel,"Dir, 10%",G - Gift,$0.00,-11702,2102623,-1%,-$0,2.0,4.0,14.0,68.0,MPAA
566,,2003-11-13 18:27:23,2003-11-12,MPAA,Horn Douglas,Dir,S - Sale,$4.80,-4000,177700,-2%,"-$19,200",1.0,-3.0,-2.0,45.0,MPAA
567,,2003-10-24 20:39:25,2003-09-25,MPAA,Marks Mel,"Dir, 10%",G - Gift,$0.00,-40687,2108474,-2%,-$0,1.0,1.0,37.0,105.0,MPAA
