,X,FilingDate,TradeDate,Ticker,CompanyName,InsiderName,Title,TradeType,Price,Qty,Owned,delta_Own,Value,1d,1w,1m,6m,ticker
0,D,2022-05-18 16:29:45,2022-05-16,CL,Colgate Palmolive Co,Shotts Philip G.,"VP, Controller",S - Sale+OE,78.52,-10000,99783,-9%,-785190.0,,,,,VEL+PR+E+CL
1,D,2022-05-18 16:27:34,2022-05-16,CL,Colgate Palmolive Co,Kooyman John W,Chief of Staff,S - Sale+OE,78.49,-19683,17343,-53%,-1544990.0,,,,,VEL+PR+E+CL
2,,2022-05-12 16:49:11,2022-05-11,CL,Colgate Palmolive Co,Kooyman John W,Chief of Staff,S - Sale,77.06,-2600,17308,-13%,-200345.0,,,,,VEL+PR+E+CL
3,,2022-02-22 16:35:26,2022-02-18,CL,Colgate Palmolive Co,Verduin Patricia,CTO,S - Sale,79.28,-6306,69057,-8%,-499913.0,,,,,VEL+PR+E+CL
4,,2022-02-22 16:35:16,2022-02-18,CL,Colgate Palmolive Co,Shotts Philip G.,"VP, Controller",S - Sale,79.19,-2461,99312,-2%,-194898.0,,,,,VEL+PR+E+CL
5,,2022-02-22 16:35:10,2022-02-18,CL,Colgate Palmolive Co,Massey Sally,CHRO,S - Sale,79.17,-1624,15388,-10%,-128570.0,,,,,VEL+PR+E+CL
6,,2022-02-22 16:34:59,2022-02-18,CL,Colgate Palmolive Co,Kooyman John W,Chief of Staff,S - Sale,79.22,-3023,19760,-13%,-239488.0,,,,,VEL+PR+E+CL
7,,2022-02-22 16:34:58,2022-02-18,CL,Colgate Palmolive Co,Wallace Noel R.,"COB, Pres, CEO",S - Sale,79.33,-38583,323011,-11%,-3060824.0,,,,,VEL+PR+E+CL
8,,2022-02-22 16:34:54,2022-02-18,CL,Colgate Palmolive Co,Daniels Jennifer,"CLO, Secretary",S - Sale,79.25,-8812,49085,-15%,-698354.0,,,,,VEL+PR+E+CL
9,D,2022-02-15 17:29:04,2022-02-14,CL,Colgate Palmolive Co,Bilbrey John P,Dir,S - Sale+OE,78.66,-4917,26568,-16%,-386773.0,,,,,VEL+PR+E+CL
10,D,2022-02-11 16:21:12,2022-02-09,CL,Colgate Palmolive Co,Tsourapas Panagiotis,"Grp Pres, Eur,Developing Mkts",S - Sale+OE,81.0,-25000,55753,-31%,-2025000.0,,,,,VEL+PR+E+CL
11,D,2022-02-04 16:44:20,2022-02-03,CL,Colgate Palmolive Co,Daniels Jennifer,"CLO, Secretary",S - Sale+OE,82.93,-40580,41061,-50%,-3365239.0,,,,,VEL+PR+E+CL
12,D,2022-02-04 16:43:08,2022-02-03,CL,Colgate Palmolive Co,Cahill John T,Dir,S - Sale+OE,83.16,-5389,51557,-9%,-448128.0,,,,,VEL+PR+E+CL
13,D,2022-02-04 16:43:02,2022-02-02,CL,Colgate Palmolive Co,Verduin Patricia,CTO,S - Sale+OE,82.39,-51194,62864,-45%,-4217930.0,,,,,VEL+PR+E+CL
14,D,2022-02-04 16:43:01,2022-02-02,CL,Colgate Palmolive Co,Polk Michael B,Dir,S - Sale+OE,82.74,-4681,21122,-18%,-387312.0,,,,,VEL+PR+E+CL
15,D,2022-02-04 16:42:56,2022-02-02,CL,Colgate Palmolive Co,Harris C Martin,Dir,S - Sale+OE,82.76,-4491,14650,-23%,-371675.0,,,,,VEL+PR+E+CL
16,D,2022-02-04 16:42:50,2022-02-02,CL,Colgate Palmolive Co,Norrington Lorrie M,Dir,S - Sale+OE,82.75,-5389,23494,-19%,-445953.0,,,,,VEL+PR+E+CL
17,D,2022-02-04 16:42:46,2022-02-02,CL,Colgate Palmolive Co,Sadove Stephen I,Dir,S - Sale+OE,82.66,-5389,31418,-15%,-445448.0,,,,,VEL+PR+E+CL
18,,2021-11-09 16:29:03,2021-11-08,CL,Colgate Palmolive Co,Kooyman John W,Chief of Staff,S - Sale,77.15,-576,17079,-3%,-44436.0,,,,,VEL+PR+E+CL
19,DM,2021-11-08 16:29:07,2021-11-04,CL,Colgate Palmolive Co,Wallace Noel R.,"COB, Pres, CEO",S - Sale+OE,77.27,-245200,288859,-46%,-18946201.0,,,,,VEL+PR+E+CL
20,,2021-09-15 16:57:19,2021-09-14,CL,Colgate Palmolive Co,Massey Sally,CHRO,S - Sale,77.18,-610,14114,-4%,-47079.0,,,,,VEL+PR+E+CL
21,,2021-09-15 16:57:02,2021-09-14,CL,Colgate Palmolive Co,Kooyman John W,Chief of Staff,S - Sale,77.18,-635,17593,-3%,-49008.0,,,,,VEL+PR+E+CL
22,D,2021-08-18 17:01:41,2021-08-16,CL,Colgate Palmolive Co,Shotts Philip G.,"VP, Controller",S - Sale+OE,79.95,-12737,95935,-12%,-1018323.0,,,,,VEL+PR+E+CL
23,D,2021-08-09 17:06:55,2021-08-05,CL,Colgate Palmolive Co,Daniels Jennifer,"CLO, Secretary",S - Sale+OE,79.11,-20290,41309,-33%,-1605136.0,,,,,VEL+PR+E+CL
24,D,2021-08-06 18:35:54,2021-08-04,CL,Colgate Palmolive Co,Norrington Lorrie M,Dir,S - Sale+OE,78.02,-1898,22704,-8%,-148083.0,,,,,VEL+PR+E+CL
25,D,2021-05-12 17:05:17,2021-05-10,CL,Colgate Palmolive Co,Daniels Jennifer,"CLO, Secretary",S - Sale+OE,82.62,-20289,41266,-33%,-1676302.0,,,,,VEL+PR+E+CL
26,D,2021-05-12 17:05:08,2021-05-10,CL,Colgate Palmolive Co,Massey Sally,CHRO,S - Sale+OE,83.67,-5733,14598,-28%,-479651.0,,,,,VEL+PR+E+CL
27,D,2021-05-10 17:07:58,2021-05-06,CL,Colgate Palmolive Co,Kooyman John W,Chief of Staff,S - Sale+OE,82.07,-11195,18087,-38%,-918729.0,,,,,VEL+PR+E+CL
28,,2021-05-07 17:12:31,2021-05-05,CL,Colgate Palmolive Co,Sadove Stephen I,Dir,S - Sale,81.3,-8000,29068,-22%,-650390.0,,,,,VEL+PR+E+CL
29,D,2021-05-07 17:12:20,2021-05-05,CL,Colgate Palmolive Co,Wallace Noel R.,"COB, Pres, CEO",S - Sale+OE,81.03,-25279,280393,-8%,-2048383.0,,,,,VEL+PR+E+CL
30,D,2021-05-07 17:12:12,2021-05-05,CL,Colgate Palmolive Co,Verduin Patricia,CTO,S - Sale+OE,80.89,-46566,62783,-43%,-3766929.0,,,,,VEL+PR+E+CL
31,D,2021-05-07 17:11:08,2021-05-05,CL,Colgate Palmolive Co,Bilbrey John P,Dir,S - Sale+OE,80.95,-3941,22805,-15%,-319024.0,,,,,VEL+PR+E+CL
32,,2021-02-22 17:28:42,2021-02-18,CL,Colgate Palmolive Co,Massey Sally,CHRO,S - Sale,78.36,-3,14445,0%,-235.0,,,,,VEL+PR+E+CL
33,,2021-02-22 17:28:35,2021-02-18,CL,Colgate Palmolive Co,Wallace Noel R.,"COB, Pres, CEO",S - Sale,78.25,-17,280025,0%,-1330.0,,,,,VEL+PR+E+CL
34,,2021-02-22 17:28:21,2021-02-18,CL,Colgate Palmolive Co,Verduin Patricia,CTO,S - Sale,78.36,-9,62650,0%,-705.0,,,,,VEL+PR+E+CL
35,,2021-02-22 17:26:59,2021-02-18,CL,Colgate Palmolive Co,Shotts Philip G.,"VP, Controller",S - Sale,78.36,-2,94711,0%,-157.0,,,,,VEL+PR+E+CL
36,,2021-02-22 17:26:59,2021-02-18,CL,Colgate Palmolive Co,Kooyman John W,Chief of Staff,S - Sale,78.36,-3,19132,0%,-235.0,,,,,VEL+PR+E+CL
37,,2021-02-18 17:23:25,2021-02-16,CL,Colgate Palmolive Co,Kooyman John W,Chief of Staff,S - Sale,77.16,-463,17047,-3%,-35727.0,,,,,VEL+PR+E+CL
38,,2021-02-18 17:23:21,2021-02-16,CL,Colgate Palmolive Co,Massey Sally,CHRO,S - Sale,77.16,-450,10995,-4%,-34724.0,,,,,VEL+PR+E+CL
39,,2021-02-18 17:23:18,2021-02-16,CL,Colgate Palmolive Co,Shotts Philip G.,"VP, Controller",S - Sale,77.16,-346,93038,0%,-26699.0,,,,,VEL+PR+E+CL
40,,2021-02-18 17:23:14,2021-02-16,CL,Colgate Palmolive Co,Wallace Noel R.,"COB, Pres, CEO",S - Sale,77.3,-2961,251711,-1%,-228894.0,,,,,VEL+PR+E+CL
41,,2021-02-18 17:22:22,2021-02-16,CL,Colgate Palmolive Co,Verduin Patricia,CTO,S - Sale,77.16,-1513,54081,-3%,-116749.0,,,,,VEL+PR+E+CL
42,D,2021-02-12 16:59:03,2021-02-11,CL,Colgate Palmolive Co,Polk Michael B,Dir,S - Sale+OE,79.25,-4835,18255,-21%,-383174.0,,,,,VEL+PR+E+CL
43,D,2021-02-08 17:08:04,2021-02-04,CL,Colgate Palmolive Co,Daniels Jennifer,"CLO, Secretary",S - Sale+OE,78.65,-20692,35751,-37%,-1627347.0,,,,,VEL+PR+E+CL
44,D,2020-11-20 17:21:50,2020-11-18,CL,Colgate Palmolive Co,Tsourapas Panagiotis,"Grp Pres, LatAm,AsiaPac, AF, E",S - Sale+OE,85.27,-11714,50245,-19%,-998889.0,,,,,VEL+PR+E+CL
45,D,2020-11-19 17:55:01,2020-11-17,CL,Colgate Palmolive Co,Wallace Noel R.,"COB, Pres, CEO",S - Sale+OE,85.86,-21446,254413,-8%,-1841296.0,,,,,VEL+PR+E+CL
46,D,2020-11-18 17:43:18,2020-11-16,CL,Colgate Palmolive Co,Tsourapas Panagiotis,"Grp Pres, LatAm,AsiaPac, AF, E",S - Sale+OE,85.69,-15000,50245,-23%,-1285367.0,,,,,VEL+PR+E+CL
47,D,2020-11-12 17:21:43,2020-11-11,CL,Colgate Palmolive Co,Tsourapas Panagiotis,"Grp Pres, LatAm,AsiaPac, AF, E",S - Sale+OE,85.0,-7500,50245,-13%,-637505.0,,,,,VEL+PR+E+CL
48,D,2020-11-12 17:20:24,2020-11-11,CL,Colgate Palmolive Co,Shotts Philip G.,"VP, Controller",S - Sale+OE,84.5,-7000,92893,-7%,-591500.0,,,,,VEL+PR+E+CL
49,D,2020-11-12 17:20:20,2020-11-09,CL,Colgate Palmolive Co,Wallace Noel R.,"COB, Pres, CEO",S - Sale+OE,83.8,-26886,250859,-10%,-2253020.0,,,,,VEL+PR+E+CL
50,DM,2020-11-09 17:37:34,2020-11-05,CL,Colgate Palmolive Co,Wallace Noel R.,"COB, Pres, CEO",S - Sale+OE,83.59,-16476,246730,-6%,-1377184.0,,,,,VEL+PR+E+CL
51,D,2020-11-09 17:36:29,2020-11-05,CL,Colgate Palmolive Co,Daniels Jennifer,"CLO, Secretary",S - Sale+OE,84.33,-20693,35723,-37%,-1744958.0,,,,,VEL+PR+E+CL
52,D,2020-11-06 17:15:37,2020-11-04,CL,Colgate Palmolive Co,Cahill John T,Dir,S - Sale+OE,85.31,-5583,48748,-10%,-476264.0,,,,,VEL+PR+E+CL
53,D,2020-11-06 17:15:29,2020-11-04,CL,Colgate Palmolive Co,Sadove Stephen I,Dir,S - Sale+OE,85.27,-5583,36947,-13%,-476062.0,,,,,VEL+PR+E+CL
54,D,2020-11-06 17:15:23,2020-11-04,CL,Colgate Palmolive Co,Tsourapas Panagiotis,"Grp Pres, LatAm,AsiaPac, AF, E",S - Sale+OE,84.9,-20000,50245,-28%,-1698002.0,,,,,VEL+PR+E+CL
55,D,2020-11-06 17:14:15,2020-11-04,CL,Colgate Palmolive Co,Jakobsen Henning I,CFO,S - Sale+OE,85.22,-145280,10341,-93%,-12380108.0,,,,,VEL+PR+E+CL
56,D,2020-11-06 17:14:08,2020-11-04,CL,Colgate Palmolive Co,Massey Sally,CHRO,S - Sale+OE,85.03,-5732,11371,-34%,-487386.0,,,,,VEL+PR+E+CL
57,,2020-09-30 17:13:46,2020-09-28,CL,Colgate Palmolive Co,Shotts Philip G.,"VP, Controller",S - Sale,77.29,-401,92573,0%,-30995.0,,,,,VEL+PR+E+CL
58,,2020-09-30 17:13:43,2020-09-28,CL,Colgate Palmolive Co,Massey Sally,CHRO,S - Sale,77.3,-387,11304,-3%,-29915.0,,,,,VEL+PR+E+CL
59,,2020-09-04 20:55:04,2020-09-04,VEL,"Velocity Financial, Inc.",Pitstick John,Dir,P - Purchase,4.78,5000,25000,+25%,23900.0,,,,,VEL+PR+E+CL
60,,2020-08-20 17:00:14,2020-08-18,VEL,"Velocity Financial, Inc.",Taylor Jeffrey T.,"EVP, Capital Markets",P - Purchase,4.18,1200,4823,+33%,5016.0,,,,,VEL+PR+E+CL
61,,2020-08-20 17:00:13,2020-08-18,VEL,"Velocity Financial, Inc.",Farrar Christopher D.,CEO,P - Purchase,4.1,5000,147916,+3%,20500.0,,,,,VEL+PR+E+CL
62,D,2020-08-14 17:25:55,2020-08-12,CL,Colgate Palmolive Co,Huston John J,"SVP, Office of the COB",S - Sale+OE,77.18,-84905,83941,-50%,-6553375.0,,,,,VEL+PR+E+CL
63,D,2020-08-13 17:19:05,2020-08-05,CL,Colgate Palmolive Co,Massey Sally,CHRO,S - Sale+OE,76.28,-6336,11672,-35%,-483311.0,,,,,VEL+PR+E+CL
64,,2020-08-13 17:18:43,2020-08-11,CL,Colgate Palmolive Co,Kooyman John W,Chief of Staff,S - Sale,76.28,-1211,17776,-6%,-92375.0,,,,,VEL+PR+E+CL
65,,2020-08-12 17:48:03,2020-08-10,CL,Colgate Palmolive Co,Huston John J,"SVP, Office of the COB",S - Sale,76.38,-3000,83941,-3%,-229129.0,,,,,VEL+PR+E+CL
66,D,2020-08-12 17:23:44,2020-08-10,CL,Colgate Palmolive Co,Shotts Philip G.,"VP, Controller",S - Sale+OE,76.5,-17645,92737,-16%,-1349843.0,,,,,VEL+PR+E+CL
67,D,2020-08-10 17:06:42,2020-08-06,CL,Colgate Palmolive Co,Daniels Jennifer,"CLO, Secretary",S - Sale+OE,75.8,-41386,35691,-54%,-3136968.0,,,,,VEL+PR+E+CL
68,D,2020-08-07 19:43:46,2020-08-05,CL,Colgate Palmolive Co,Wallace Noel R.,"COB, Pres, CEO",S - Sale+OE,76.37,-85929,243927,-26%,-6562045.0,,,,,VEL+PR+E+CL
69,D,2020-08-07 18:30:55,2020-08-05,CL,Colgate Palmolive Co,Verduin Patricia,CTO,S - Sale+OE,76.52,-42775,55472,-44%,-3273006.0,,,,,VEL+PR+E+CL
70,M,2020-07-07 13:47:09,2020-06-30,ENDV,"Endonovo Therapeutics, Inc.",Collier Alan Brian,CEO,P - Purchase,0.1,400,26219,+2%,41.0,,,,,VEL+PR+E+CL
71,,2020-06-01 18:56:07,2020-05-29,VEL,"Velocity Financial, Inc.",Pitstick John,Dir,P - Purchase,3.84,20000,20000,New,76712.0,,,,,VEL+PR+E+CL
72,,2020-05-26 21:20:36,2020-05-26,VEL,"Velocity Financial, Inc.",Szczepaniak Mark R,CFO,P - Purchase,3.25,6400,6400,New,20800.0,,,,,VEL+PR+E+CL
73,,2020-05-22 19:33:10,2020-05-19,VEL,"Velocity Financial, Inc.",Taylor Jeffrey T.,"EVP, Capital Markets",P - Purchase,2.85,1200,3623,+50%,3420.0,,,,,VEL+PR+E+CL
74,,2020-05-22 19:30:18,2020-05-21,VEL,"Velocity Financial, Inc.",Oltmann Christopher J,Chief Accounting Officer,P - Purchase,3.37,1000,1750,+133%,3370.0,,,,,VEL+PR+E+CL
75,,2020-05-22 19:29:15,2020-05-19,VEL,"Velocity Financial, Inc.",Comley Graham M,See Remarks,P - Purchase,2.56,4000,4000,New,10240.0,,,,,VEL+PR+E+CL
76,,2020-05-22 19:25:46,2020-05-19,VEL,"Velocity Financial, Inc.",Cowell Joseph A,COO,P - Purchase,2.77,1500,2222,+208%,4155.0,,,,,VEL+PR+E+CL
77,D,2020-05-14 17:11:17,2020-05-13,CL,Colgate Palmolive Co,Polk Michael B,Dir,S - Sale+OE,68.08,-3115,17507,-15%,-212080.0,,,,,VEL+PR+E+CL
78,,2020-04-01 17:16:29,2020-03-30,CL,Colgate Palmolive Co,Cook Ian M,Exec COB,S - Sale,65.84,-17750,1164170,-2%,-1168573.0,,,,,VEL+PR+E+CL
79,M,2020-03-18 17:03:39,2020-03-16,CL,Colgate Palmolive Co,Cook Ian M,Exec COB,S - Sale,65.02,-19500,1181920,-2%,-1267837.0,,,,,VEL+PR+E+CL
80,,2020-03-18 17:02:32,2020-03-16,CL,Colgate Palmolive Co,Marsili Daniel B,CHRO,S - Sale,63.0,-831,72358,-1%,-52353.0,,,,,VEL+PR+E+CL
81,,2020-03-12 16:50:33,2020-03-11,CL,Colgate Palmolive Co,Marsili Daniel B,CHRO,S - Sale,69.44,-1092,73189,-1%,-75830.0,,,,,VEL+PR+E+CL
82,,2020-03-02 17:04:07,2020-02-28,CL,Colgate Palmolive Co,Marsili Daniel B,CHRO,S - Sale,68.99,-3581,74109,-5%,-247053.0,,,,,VEL+PR+E+CL
83,,2020-02-28 17:09:53,2020-02-27,CL,Colgate Palmolive Co,Cook Ian M,Exec COB,S - Sale,72.07,-19500,1200536,-2%,-1405282.0,,,,,VEL+PR+E+CL
84,,2020-02-26 17:15:10,2020-02-22,ENDV,"Endonovo Therapeutics, Inc.",Collier Alan Brian,Dir,P - Purchase,0.96,100,25819,0%,96.0,,,,,VEL+PR+E+CL
85,,2020-02-26 17:15:04,2020-02-24,CL,Colgate Palmolive Co,Marsili Daniel B,CHRO,S - Sale,75.45,-4030,77690,-5%,-304053.0,,,,,VEL+PR+E+CL
86,,2020-02-26 17:14:56,2020-02-24,CL,Colgate Palmolive Co,Shotts Philip G.,"VP, Controller",S - Sale,75.61,-666,91674,-1%,-50359.0,,,,,VEL+PR+E+CL
87,,2020-02-26 17:14:48,2020-02-24,CL,Colgate Palmolive Co,Cook Ian M,Exec COB,S - Sale,75.27,-28122,1220036,-2%,-2116673.0,,,,,VEL+PR+E+CL
88,,2020-02-26 17:14:44,2020-02-24,CL,Colgate Palmolive Co,Daniels Jennifer,"CLO, Secretary",S - Sale,75.52,-4336,35550,-11%,-327436.0,,,,,VEL+PR+E+CL
89,,2020-02-26 17:13:37,2020-02-24,CL,Colgate Palmolive Co,Wallace Noel R.,"Pres, CEO",S - Sale,75.43,-5857,235501,-2%,-441818.0,,,,,VEL+PR+E+CL
90,,2020-02-18 18:04:38,2020-02-13,CL,Colgate Palmolive Co,Cook Ian M,Exec COB,S - Sale,76.21,-19500,1247657,-2%,-1486013.0,,,,,VEL+PR+E+CL
91,D,2020-02-12 16:53:27,2020-02-10,CL,Colgate Palmolive Co,Jakobsen Henning I,CFO,S - Sale+OE,76.79,-34384,48533,-41%,-2640285.0,,,,,VEL+PR+E+CL
92,D,2020-02-12 16:53:23,2020-02-10,CL,Colgate Palmolive Co,Tsourapas Panagiotis,"Grp Pres, Lat Am, Asia Pac",S - Sale+OE,76.51,-17702,53532,-25%,-1354392.0,,,,,VEL+PR+E+CL
93,D,2020-02-11 16:53:32,2020-02-07,CL,Colgate Palmolive Co,Gayle Helene D,Dir,S - Sale+OE,76.08,-22240,36023,-38%,-1692128.0,,,,,VEL+PR+E+CL
94,D,2020-02-10 16:56:15,2020-02-06,CL,Colgate Palmolive Co,Kooyman John W,CMO,S - Sale+OE,76.33,-21294,15678,-58%,-1625328.0,,,,,VEL+PR+E+CL
95,D,2020-02-10 16:56:11,2020-02-06,CL,Colgate Palmolive Co,Huston John J,"SVP, Chief of Staff",S - Sale+OE,76.3,-35213,87871,-29%,-2686710.0,,,,,VEL+PR+E+CL
96,D,2020-02-10 16:56:07,2020-02-06,CL,Colgate Palmolive Co,Marsili Daniel B,CHRO,S - Sale+OE,76.3,-66843,81645,-45%,-5100007.0,,,,,VEL+PR+E+CL
97,DM,2020-02-10 16:56:03,2020-02-06,CL,Colgate Palmolive Co,Tsourapas Panagiotis,"Grp Pres, Lat Am, Asia Pac",S - Sale+OE,76.26,-27164,53532,-34%,-2071514.0,,,,,VEL+PR+E+CL
98,D,2020-02-07 17:09:24,2020-02-05,CL,Colgate Palmolive Co,Sadove Stephen I,Dir,S - Sale+OE,75.08,-5357,34157,-14%,-402184.0,,,,,VEL+PR+E+CL
99,D,2020-02-07 17:09:19,2020-02-05,CL,Colgate Palmolive Co,Cahill John T,Dir,S - Sale+OE,75.7,-5357,45742,-10%,-405519.0,,,,,VEL+PR+E+CL
100,M,2020-02-03 17:09:14,2020-01-30,CL,Colgate Palmolive Co,Cook Ian M,Exec COB,S - Sale,69.51,-19500,1345882,-1%,-1355462.0,,,,,VEL+PR+E+CL
101,D,2020-01-27 20:40:06,2020-01-24,VEL,"Velocity Financial, Inc.",Cowell Joseph A,COO,P - Purchase,13.77,722,722,New,9942.0,,,,,VEL+PR+E+CL
102,D,2020-01-24 18:32:25,2020-01-24,VEL,"Velocity Financial, Inc.",Oltmann Christopher J,Chief Accounting Officer,P - Purchase,13.91,750,750,New,10433.0,,,,,VEL+PR+E+CL
103,AM,2020-01-24 12:09:44,2019-12-30,ENDV,"Endonovo Therapeutics, Inc.",Collier Alan Brian,CEO,P - Purchase,2.0,200,25719,+1%,400.0,,,,,VEL+PR+E+CL
104,AM,2020-01-24 11:56:57,2019-12-10,ENDV,"Endonovo Therapeutics, Inc.",Collier Alan Brian,CEO,P - Purchase,0.03,5700,25519,+29%,163.0,,,,,VEL+PR+E+CL
105,M,2020-01-23 20:38:03,2019-12-30,ENDV,"Endonovo Therapeutics, Inc.",Collier Alan Brian,Ceo,P - Purchase,2.0,200,25418897,0%,400.0,,,,,VEL+PR+E+CL
106,,2020-01-17 17:40:57,2020-01-15,CL,Colgate Palmolive Co,Cook Ian M,Exec COB,S - Sale,70.73,-19500,1365382,-1%,-1379270.0,,,,,VEL+PR+E+CL
107,,2020-01-02 17:23:20,2019-12-30,CL,Colgate Palmolive Co,Cook Ian M,Exec COB,S - Sale,68.79,-17750,1383933,-1%,-1221092.0,,,,,VEL+PR+E+CL
108,M,2019-12-31 19:34:58,2019-12-10,ENDV,"Endonovo Therapeutics, Inc.",Collier Alan Brian,Ceo,P - Purchase,0.0,5700,25418697,0%,13.0,,,,,VEL+PR+E+CL
109,,2019-12-18 17:03:06,2019-12-16,CL,Colgate Palmolive Co,Cook Ian M,Exec COB,S - Sale,68.85,-17750,1401683,-1%,-1222144.0,,,,,VEL+PR+E+CL
110,M,2019-12-09 07:46:31,2019-11-25,ENDV,"Endonovo Therapeutics, Inc.",Collier Alan Brian,Ceo,P - Purchase,0.0,15000,25412997,0%,46.0,,,,,VEL+PR+E+CL
111,,2019-11-27 17:28:12,2019-11-25,CL,Colgate Palmolive Co,Cook Ian M,Exec COB,S - Sale,66.7,-16000,1419433,-1%,-1067125.0,,,,,VEL+PR+E+CL
112,M,2019-11-26 17:36:36,2019-11-20,ENDV,"Endonovo Therapeutics, Inc.",Collier Alan Brian,Ceo,P - Purchase,0.0,3000,25397997,0%,11.0,,,,,VEL+PR+E+CL
113,,2019-11-18 17:02:42,2019-11-14,CL,Colgate Palmolive Co,Cook Ian M,Exec COB,S - Sale,66.73,-16000,1434858,-1%,-1067747.0,,,,,VEL+PR+E+CL
114,,2019-11-15 12:20:03,2019-11-11,ENDV,"Endonovo Therapeutics, Inc.",Collier Alan Brian,Ceo,P - Purchase,0.01,2000,25394997,0%,14.0,,,,,VEL+PR+E+CL
115,M,2019-11-04 18:29:45,2019-10-17,ENDV,"Endonovo Therapeutics, Inc.",Collier Alan Brian,CEO,P - Purchase,0.01,51200,25392997,0%,269.0,,,,,VEL+PR+E+CL
116,,2019-11-01 16:59:56,2019-10-30,CL,Colgate Palmolive Co,Cook Ian M,Exec COB,S - Sale,68.3,-17750,1450858,-1%,-1212284.0,,,,,VEL+PR+E+CL
117,,2019-10-17 17:03:30,2019-10-15,CL,Colgate Palmolive Co,Cook Ian M,Exec COB,S - Sale,68.72,-17750,1468608,-1%,-1219750.0,,,,,VEL+PR+E+CL
118,M,2019-10-15 18:35:04,2019-10-02,ENDV,"Endonovo Therapeutics, Inc.",Collier Alan Brian,CEO,P - Purchase,0.01,10400,25341797,0%,107.0,,,,,VEL+PR+E+CL
119,,2019-10-03 18:22:50,2019-09-30,ENDV,"Endonovo Therapeutics, Inc.",Collier Alan Brian,CEO,P - Purchase,0.01,600,25331597,0%,6.0,,,,,VEL+PR+E+CL
120,,2019-10-01 19:21:01,2019-09-27,CL,Colgate Palmolive Co,Cook Ian M,Exec COB,S - Sale,73.05,-19500,1485487,-1%,-1424428.0,,,,,VEL+PR+E+CL
121,M,2019-09-27 11:53:05,2019-09-24,ENDV,"Endonovo Therapeutics, Inc.",Collier Alan Brian,CEO,P - Purchase,0.01,700,25330997,0%,5.0,,,,,VEL+PR+E+CL
122,,2019-09-18 17:08:46,2019-09-16,CL,Colgate Palmolive Co,Cook Ian M,Exec COB,S - Sale,69.51,-19500,1504987,-1%,-1355478.0,,,,,VEL+PR+E+CL
123,M,2019-09-16 17:13:47,2019-09-06,ENDV,"Endonovo Therapeutics, Inc.",Collier Alan Brian,CEO,P - Purchase,0.01,32000,25330297,0%,288.0,,,,,VEL+PR+E+CL
124,,2019-09-13 17:06:27,2019-09-11,CL,Colgate Palmolive Co,Parameswaran Prabha,"Grp Pres, Glbl Innov., AF, Eus",S - Sale,71.68,-4221,20545,-17%,-302579.0,,,,,VEL+PR+E+CL
125,,2019-09-11 16:56:40,2019-09-09,CL,Colgate Palmolive Co,Jakobsen Henning I,CFO,S - Sale,74.6,-858,45527,-2%,-64007.0,,,,,VEL+PR+E+CL
126,,2019-09-11 16:56:35,2019-09-09,CL,Colgate Palmolive Co,Shotts Philip G.,"VP, Controller",S - Sale,74.6,-407,91037,0%,-30362.0,,,,,VEL+PR+E+CL
127,M,2019-09-06 12:57:38,2019-08-30,ENDV,"Endonovo Therapeutics, Inc.",Collier Alan Brian,CEO,P - Purchase,0.01,114000,25298297,0%,1113.0,,,,,VEL+PR+E+CL
128,,2019-08-30 17:33:10,2019-08-29,CL,Colgate Palmolive Co,Cook Ian M,Exec COB,S - Sale,73.97,-19500,1524487,-1%,-1442335.0,,,,,VEL+PR+E+CL
129,M,2019-08-30 14:17:14,2019-08-23,ENDV,"Endonovo Therapeutics, Inc.",Collier Alan Brian,CEO,P - Purchase,0.01,119000,25184297,0%,1226.0,,,,,VEL+PR+E+CL
130,M,2019-08-23 06:50:48,2019-08-16,ENDV,"Endonovo Therapeutics, Inc.",Collier Alan Brian,CEO,P - Purchase,0.01,55000,25065297,0%,597.0,,,,,VEL+PR+E+CL
131,,2019-08-16 17:21:03,2019-08-15,CL,Colgate Palmolive Co,Cook Ian M,Exec COB,S - Sale,71.21,-19500,1543454,-1%,-1388565.0,,,,,VEL+PR+E+CL
132,M,2019-08-16 16:39:27,2019-08-08,ENDV,"Endonovo Therapeutics, Inc.",Collier Alan Brian,CEO,P - Purchase,0.01,89500,25010297,0%,918.0,,,,,VEL+PR+E+CL
133,D,2019-08-15 16:47:13,2019-08-13,CL,Colgate Palmolive Co,Verduin Patricia,CTO,S - Sale+OE,71.01,-44572,56868,-44%,-3164933.0,,,,,VEL+PR+E+CL
134,D,2019-08-15 16:47:09,2019-08-13,CL,Colgate Palmolive Co,Shotts Philip G.,"VP, Controller",S - Sale+OE,71.05,-8919,91194,-9%,-633679.0,,,,,VEL+PR+E+CL
135,D,2019-08-14 17:23:20,2019-08-12,CL,Colgate Palmolive Co,Kooyman John W,CMO,S - Sale+OE,71.01,-10714,16423,-39%,-760851.0,,,,,VEL+PR+E+CL
136,,2019-08-13 16:54:48,2019-08-12,CL,Colgate Palmolive Co,Huston John J,"SVP, Chief of Staff",S - Sale,71.05,-10170,87305,-10%,-722604.0,,,,,VEL+PR+E+CL
137,D,2019-08-13 16:54:44,2019-08-09,CL,Colgate Palmolive Co,Cahill John T,Dir,S - Sale+OE,71.43,-8000,45469,-15%,-571447.0,,,,,VEL+PR+E+CL
138,D,2019-08-12 16:57:17,2019-08-08,CL,Colgate Palmolive Co,Parameswaran Prabha,"Grp Pres, Glbl Innov., AF, Eus",S - Sale+OE,70.68,-55835,24645,-69%,-3946546.0,,,,,VEL+PR+E+CL
139,M,2019-08-09 17:14:01,2019-07-25,ENDV,"Endonovo Therapeutics, Inc.",Collier Alan Brian,CEO,P - Purchase,0.01,62000,24920797,0%,698.0,,,,,VEL+PR+E+CL
140,,2019-08-08 17:37:37,2019-08-06,CL,Colgate Palmolive Co,Parameswaran Prabha,"Grp Pres, Glbl Innov., AF, Eus",S - Sale,69.35,-5000,24645,-17%,-346726.0,,,,,VEL+PR+E+CL
141,DM,2019-08-05 17:06:13,2019-08-01,CL,Colgate Palmolive Co,Cook Ian M,Exec COB,S - Sale+OE,71.63,-539701,1562954,-26%,-38660497.0,,,,,VEL+PR+E+CL
142,D,2019-08-02 16:34:29,2019-07-31,CL,Colgate Palmolive Co,Jakobsen Henning I,CFO,S - Sale+OE,73.45,-33854,46335,-42%,-2486581.0,,,,,VEL+PR+E+CL
143,DM,2019-08-01 16:54:54,2019-07-30,CL,Colgate Palmolive Co,Cook Ian M,Exec COB,S - Sale+OE,72.65,-175616,1562954,-10%,-12758106.0,,,,,VEL+PR+E+CL
144,M,2019-07-25 16:48:48,2019-07-16,ENDV,"Endonovo Therapeutics, Inc.",Collier Alan Brian,CEO,P - Purchase,0.01,96000,24858797,0%,1186.0,,,,,VEL+PR+E+CL
145,,2019-07-17 17:52:17,2019-07-15,CL,Colgate Palmolive Co,Cook Ian M,Exec COB,S - Sale,74.19,-19500,1582454,-1%,-1446775.0,,,,,VEL+PR+E+CL
146,M,2019-07-16 14:32:48,2019-07-10,ENDV,"Endonovo Therapeutics, Inc.",Collier Alan Brian,CEO,P - Purchase,0.02,59700,24762797,0%,921.0,,,,,VEL+PR+E+CL
147,M,2019-07-10 16:55:03,2019-06-28,ENDV,"Endonovo Therapeutics, Inc.",Collier Alan Brian,CEO,P - Purchase,0.02,275000,24703097,+1%,4437.0,,,,,VEL+PR+E+CL
148,,2019-07-01 17:07:59,2019-06-27,CL,Colgate Palmolive Co,Cook Ian M,Exec COB,S - Sale,72.25,-19500,1601129,-1%,-1408785.0,,,,,VEL+PR+E+CL
149,M,2019-06-28 17:12:45,2019-06-18,ENDV,"Endonovo Therapeutics, Inc.",Collier Alan Brian,CEO,P - Purchase,0.02,75000,24429097,0%,1211.0,,,,,VEL+PR+E+CL
150,,2019-06-19 17:19:20,2019-06-17,CL,Colgate Palmolive Co,Huston John J,"SVP, Chief of Staff",S - Sale,72.93,-473,97251,0%,-34496.0,,,,,VEL+PR+E+CL
151,M,2019-06-18 18:11:09,2019-06-13,ENDV,"Endonovo Therapeutics, Inc.",Collier Alan Brian,CEO,P - Purchase,0.01,52000,24354097,0%,636.0,,,,,VEL+PR+E+CL
152,,2019-06-17 17:13:18,2019-06-13,CL,Colgate Palmolive Co,Cook Ian M,Exec COB,S - Sale,72.44,-19500,1620629,-1%,-1412664.0,,,,,VEL+PR+E+CL
153,M,2019-06-11 17:20:50,2019-06-05,ENDV,"Endonovo Therapeutics, Inc.",Collier Alan Brian,CEO,P - Purchase,0.01,111000,24302097,0%,1256.0,,,,,VEL+PR+E+CL
154,,2019-06-06 17:33:54,2019-06-04,ENDV,"Endonovo Therapeutics, Inc.",Collier Alan Brian,CEO,P - Purchase,0.01,34000,24191097,0%,425.0,,,,,VEL+PR+E+CL
155,M,2019-06-06 17:21:59,2019-05-30,ENDV,"Endonovo Therapeutics, Inc.",Collier Alan Brian,CEO,P - Purchase,0.01,191000,24157097,+1%,2294.0,,,,,VEL+PR+E+CL
156,M,2019-05-30 17:46:43,2019-05-28,ENDV,"Endonovo Therapeutics, Inc.",Collier Alan Brian,CEO,P - Purchase,0.01,490500,23966097,+2%,5180.0,,,,,VEL+PR+E+CL
157,,2019-05-30 16:34:06,2019-05-29,CL,Colgate Palmolive Co,Cook Ian M,Exec COB,S - Sale,69.92,-19500,1640129,-1%,-1363407.0,,,,,VEL+PR+E+CL
158,,2019-05-29 11:17:15,2019-05-24,ENDV,"Endonovo Therapeutics, Inc.",Collier Alan Brian,CEO,P - Purchase,0.01,181000,23475597,+1%,1725.0,,,,,VEL+PR+E+CL
159,M,2019-05-29 11:06:09,2019-05-22,ENDV,"Endonovo Therapeutics, Inc.",Collier Alan Brian,CEO,P - Purchase,0.01,374200,23294597,+2%,3797.0,,,,,VEL+PR+E+CL
160,M,2019-05-22 16:52:14,2019-05-20,ENDV,"Endonovo Therapeutics, Inc.",Collier Alan Brian,CEO,P - Purchase,0.01,43000,21877397,0%,472.0,,,,,VEL+PR+E+CL
161,M,2019-05-17 16:35:46,2019-05-13,ENDV,"Endonovo Therapeutics, Inc.",Collier Alan Brian,CEO,P - Purchase,0.01,81500,21834397,0%,1037.0,,,,,VEL+PR+E+CL
162,,2019-05-17 16:34:36,2019-05-15,CL,Colgate Palmolive Co,Cook Ian M,Exec COB,S - Sale,71.2,-19500,1659100,-1%,-1388464.0,,,,,VEL+PR+E+CL
163,D,2019-05-16 16:57:59,2019-05-14,CL,Colgate Palmolive Co,Shotts Philip G.,"VP, Controller",S - Sale+OE,71.66,-8800,90578,-9%,-630636.0,,,,,VEL+PR+E+CL
164,M,2019-05-13 15:53:18,2019-05-07,ENDV,"Endonovo Therapeutics, Inc.",Collier Alan Brian,CEO,P - Purchase,0.01,160774,21752897,+1%,1904.0,,,,,VEL+PR+E+CL
165,,2019-05-09 16:12:57,2019-05-07,CL,Colgate Palmolive Co,Huston John J,"SVP, Chief of Staff",S - Sale,70.59,-14039,97810,-13%,-990998.0,,,,,VEL+PR+E+CL
166,D,2019-05-09 16:05:02,2019-05-07,CL,Colgate Palmolive Co,Skala Justin,"EVP, Chief Gwth, Strtgy Off",S - Sale+OE,70.78,-92643,203647,-31%,-6557336.0,,,,,VEL+PR+E+CL
167,M,2019-05-08 12:36:16,2019-05-02,ENDV,"Endonovo Therapeutics, Inc.",Collier Alan Brian,CEO,P - Purchase,0.01,255000,21592123,+1%,2859.0,,,,,VEL+PR+E+CL
168,D,2019-05-07 18:31:09,2019-05-03,CL,Colgate Palmolive Co,Gayle Helene D,Dir,S - Sale+OE,71.95,-5780,32569,-15%,-415846.0,,,,,VEL+PR+E+CL
169,M,2019-05-07 15:28:53,2019-05-01,ENDV,"Endonovo Therapeutics, Inc.",Collier Alan Brian,CEO,P - Purchase,0.01,179000,21337123,+1%,1974.0,,,,,VEL+PR+E+CL
170,D,2019-05-03 16:50:25,2019-05-02,CL,Colgate Palmolive Co,Sadove Stephen I,Dir,S - Sale+OE,71.55,-8000,31441,-20%,-572438.0,,,,,VEL+PR+E+CL
171,D,2019-05-03 16:50:21,2019-05-01,CL,Colgate Palmolive Co,Wallace Noel R.,"Pres, CEO",S - Sale+OE,71.89,-84351,240922,-26%,-6064280.0,,,,,VEL+PR+E+CL
172,D,2019-05-03 16:50:17,2019-05-01,CL,Colgate Palmolive Co,Huston John J,"SVP, Chief of Staff",S - Sale+OE,71.85,-36878,111849,-25%,-2649806.0,,,,,VEL+PR+E+CL
173,,2019-05-01 16:45:08,2019-04-29,CL,Colgate Palmolive Co,Cook Ian M,Exec COB,S - Sale,71.28,-19500,1678600,-1%,-1389925.0,,,,,VEL+PR+E+CL
174,M,2019-04-29 16:52:57,2019-04-26,ENDV,"Endonovo Therapeutics, Inc.",Collier Alan Brian,CEO,P - Purchase,0.01,40000,21158123,0%,596.0,,,,,VEL+PR+E+CL
175,AM,2019-04-26 14:01:15,2019-04-22,ENDV,"Endonovo Therapeutics, Inc.",Collier Alan Brian,CEO,P - Purchase,0.01,59000,21118123,0%,698.0,,,,,VEL+PR+E+CL
176,,2019-04-25 17:13:18,2019-04-25,ENDV,"Endonovo Therapeutics, Inc.",Collier Alan Brian,CEO,P - Purchase,0.01,57000,21116123,0%,673.0,,,,,VEL+PR+E+CL
177,M,2019-04-24 17:10:49,2019-04-15,ENDV,"Endonovo Therapeutics, Inc.",Collier Alan Brian,CEO,P - Purchase,0.01,48000,21063123,0%,676.0,,,,,VEL+PR+E+CL
178,,2019-04-17 16:33:36,2019-04-15,CL,Colgate Palmolive Co,Cook Ian M,Exec COB,S - Sale,68.61,-17750,1698100,-1%,-1217820.0,,,,,VEL+PR+E+CL
179,M,2019-04-12 16:30:30,2019-04-10,ENDV,"Endonovo Therapeutics, Inc.",Collier Alan Brian,CEO,P - Purchase,0.02,13500,21015123,0%,230.0,,,,,VEL+PR+E+CL
180,,2019-04-09 16:47:45,2019-03-29,ENDV,"Endonovo Therapeutics, Inc.",Mann Michael Scott,Pres,P - Purchase,0.02,5000,26788897,0%,85.0,,,,,VEL+PR+E+CL
181,M,2019-04-04 16:45:12,2019-03-27,ENDV,"Endonovo Therapeutics, Inc.",Collier Alan Brian,CEO,P - Purchase,0.02,36000,22001623,0%,632.0,,,,,VEL+PR+E+CL
182,M,2019-04-01 16:46:21,2019-03-28,CL,Colgate Palmolive Co,Cook Ian M,"COB, CEO",S - Sale,67.37,-17750,1715687,-1%,-1195859.0,,,,,VEL+PR+E+CL
183,M,2019-03-28 16:43:37,2019-03-25,ENDV,"Endonovo Therapeutics, Inc.",Collier Alan Brian,CEO,P - Purchase,0.02,54000,21965623,0%,983.0,,,,,VEL+PR+E+CL
184,M,2019-03-26 16:37:13,2019-03-15,ENDV,"Endonovo Therapeutics, Inc.",Mann Michael Scott,Pres,P - Purchase,0.02,22000,26783897,0%,414.0,,,,,VEL+PR+E+CL
185,,2019-03-22 15:42:34,2019-03-15,ENDV,"Endonovo Therapeutics, Inc.",Mann Michael Scott,Pres,P - Purchase,0.02,2000,26761897,0%,42.0,,,,,VEL+PR+E+CL
186,M,2019-03-22 15:38:15,2019-03-19,ENDV,"Endonovo Therapeutics, Inc.",Collier Alan Brian,CEO,P - Purchase,0.02,43000,21911623,0%,827.0,,,,,VEL+PR+E+CL
187,M,2019-03-20 16:45:45,2019-03-13,ENDV,"Endonovo Therapeutics, Inc.",Collier Alan Brian,CEO,P - Purchase,0.02,54500,21868623,0%,1099.0,,,,,VEL+PR+E+CL
188,,2019-03-19 17:04:22,2019-03-15,CL,Colgate Palmolive Co,Cook Ian M,"COB, CEO",S - Sale,66.72,-16000,1733437,-1%,-1067571.0,,,,,VEL+PR+E+CL
189,M,2019-03-14 17:00:20,2019-03-08,ENDV,"Endonovo Therapeutics, Inc.",Collier Alan Brian,CEO,P - Purchase,0.02,21000,21814123,0%,413.0,,,,,VEL+PR+E+CL
190,M,2019-03-13 16:42:41,2019-02-25,ENDV,"Endonovo Therapeutics, Inc.",Mann Michael Scott,Pres,P - Purchase,0.02,56000,26759897,0%,1151.0,,,,,VEL+PR+E+CL
191,M,2019-03-08 14:53:34,2019-03-05,ENDV,"Endonovo Therapeutics, Inc.",Collier Alan Brian,CEO,P - Purchase,0.02,103500,21793123,0%,2040.0,,,,,VEL+PR+E+CL
192,M,2019-03-06 16:41:39,2019-02-27,ENDV,"Endonovo Therapeutics, Inc.",Collier Alan Brian,CEO,P - Purchase,0.02,46500,21689623,0%,966.0,,,,,VEL+PR+E+CL
193,M,2019-02-25 17:16:21,2019-02-19,ENDV,"Endonovo Therapeutics, Inc.",Collier Alan Brian,CEO,P - Purchase,0.02,50000,21603123,0%,1159.0,,,,,VEL+PR+E+CL
194,,2019-02-21 17:10:16,2019-02-19,CL,Colgate Palmolive Co,Shotts Philip G.,"VP, Controller",S - Sale,66.34,-535,90074,-1%,-35492.0,,,,,VEL+PR+E+CL
195,,2019-02-21 17:03:34,2019-02-19,CL,Colgate Palmolive Co,Wallace Noel R.,"Pres, COO",S - Sale,66.43,-4541,232218,-2%,-301648.0,,,,,VEL+PR+E+CL
196,,2019-02-21 17:02:06,2019-02-19,CL,Colgate Palmolive Co,Verduin Patricia,CTO,S - Sale,66.38,-2218,56572,-4%,-147231.0,,,,,VEL+PR+E+CL
197,,2019-02-21 17:00:52,2019-02-19,CL,Colgate Palmolive Co,Skala Justin,"EVP, Chief Gwth, Strtgy Off",S - Sale,66.39,-4488,203125,-2%,-297948.0,,,,,VEL+PR+E+CL
198,,2019-02-21 16:55:04,2019-02-19,CL,Colgate Palmolive Co,Marsili Daniel B,CHRO,S - Sale,66.3,-3247,85280,-4%,-215276.0,,,,,VEL+PR+E+CL
199,,2019-02-21 16:54:02,2019-02-19,CL,Colgate Palmolive Co,Jakobsen Henning I,CFO,S - Sale,66.39,-969,41479,-2%,-64330.0,,,,,VEL+PR+E+CL
200,,2019-02-21 16:52:47,2019-02-19,CL,Colgate Palmolive Co,Huston John J,"SVP, Chief of Staff",S - Sale,66.29,-1512,111545,-1%,-100230.0,,,,,VEL+PR+E+CL
201,,2019-02-21 16:50:39,2019-02-19,CL,Colgate Palmolive Co,Hickey Dennis J,Vice COB,S - Sale,66.37,-6060,474891,-1%,-402174.0,,,,,VEL+PR+E+CL
202,,2019-02-21 16:49:32,2019-02-19,CL,Colgate Palmolive Co,Daniels Jennifer,"CLO, Secretary",S - Sale,66.39,-3498,39398,-8%,-232246.0,,,,,VEL+PR+E+CL
203,,2019-02-21 16:48:26,2019-02-19,CL,Colgate Palmolive Co,Cook Ian M,"COB, CEO",S - Sale,66.31,-22634,1748555,-1%,-1500831.0,,,,,VEL+PR+E+CL
204,,2019-02-21 10:54:00,2019-02-15,ENDV,"Endonovo Therapeutics, Inc.",Collier Alan Brian,CEO,P - Purchase,0.02,17000,21553123,0%,389.0,,,,,VEL+PR+E+CL
205,M,2019-02-21 10:43:27,2019-02-14,ENDV,"Endonovo Therapeutics, Inc.",Collier Alan Brian,CEO,P - Purchase,0.02,174000,21536123,+1%,3932.0,,,,,VEL+PR+E+CL
206,,2019-02-15 09:40:53,2019-02-12,ENDV,"Endonovo Therapeutics, Inc.",Collier Alan Brian,CEO,P - Purchase,0.02,17500,21362123,0%,390.0,,,,,VEL+PR+E+CL
207,,2019-02-15 09:36:01,2019-02-12,ENDV,"Endonovo Therapeutics, Inc.",Collier Alan Brian,CEO,P - Purchase,0.02,213000,42664246,+1%,4807.0,,,,,VEL+PR+E+CL
208,M,2019-02-11 16:49:38,2019-02-06,ENDV,"Endonovo Therapeutics, Inc.",Collier Alan Brian,CEO,P - Purchase,0.03,38000,21131623,0%,985.0,,,,,VEL+PR+E+CL
209,,2019-02-08 15:12:00,2019-02-04,ENDV,"Endonovo Therapeutics, Inc.",Mann Michael Scott,Pres,P - Purchase,0.03,4000,26703897,0%,103.0,,,,,VEL+PR+E+CL
210,M,2019-02-05 17:15:05,2019-01-30,ENDV,"Endonovo Therapeutics, Inc.",Collier Alan Brian,CEO,P - Purchase,0.03,46000,21093623,0%,1188.0,,,,,VEL+PR+E+CL
211,D,2019-02-01 16:35:36,2019-01-31,CL,Colgate Palmolive Co,Cahill John T,Dir,S - Sale+OE,64.46,-5780,42668,-12%,-372590.0,,,,,VEL+PR+E+CL
212,M,2019-01-31 17:50:26,2019-01-28,ENDV,"Endonovo Therapeutics, Inc.",Collier Alan Brian,CEO,P - Purchase,0.03,59000,21052623,0%,1696.0,,,,,VEL+PR+E+CL
213,M,2019-01-29 16:53:19,2019-01-22,ENDV,"Endonovo Therapeutics, Inc.",Collier Alan Brian,CEO,P - Purchase,0.03,120500,20993623,+1%,3306.0,,,,,VEL+PR+E+CL
214,,2019-01-24 17:16:35,2019-01-18,ENDV,"Endonovo Therapeutics, Inc.",Mann Michael Scott,Pres,P - Purchase,0.03,10000,26699897,0%,276.0,,,,,VEL+PR+E+CL
215,M,2019-01-23 15:30:32,2019-01-17,ENDV,"Endonovo Therapeutics, Inc.",Collier Alan Brian,CEO,P - Purchase,0.03,65500,20873123,0%,1774.0,,,,,VEL+PR+E+CL
216,M,2019-01-18 17:22:19,2019-01-15,ENDV,"Endonovo Therapeutics, Inc.",Collier Alan Brian,CEO,P - Purchase,0.03,161500,20807623,+1%,5056.0,,,,,VEL+PR+E+CL
217,,2019-01-15 17:29:54,2019-01-14,ENDV,"Endonovo Therapeutics, Inc.",Collier Alan Brian,CEO,P - Purchase,0.03,45000,20646123,0%,1487.0,,,,,VEL+PR+E+CL
218,M,2019-01-15 17:18:48,2019-01-09,ENDV,"Endonovo Therapeutics, Inc.",Mann Michael Scott,Pres,P - Purchase,0.02,21000,26689897,0%,498.0,,,,,VEL+PR+E+CL
219,M,2019-01-09 16:33:51,2019-01-03,ENDV,"Endonovo Therapeutics, Inc.",Mann Michael Scott,Pres,P - Purchase,0.02,8200,26668897,0%,154.0,,,,,VEL+PR+E+CL
220,M,2019-01-03 15:52:39,2018-12-27,ENDV,"Endonovo Therapeutics, Inc.",Mann Michael Scott,Pres,P - Purchase,0.02,41100,26660697,0%,772.0,,,,,VEL+PR+E+CL
221,M,2018-12-31 14:13:10,2018-12-24,ENDV,"Endonovo Therapeutics, Inc.",Mann Michael Scott,Pres,P - Purchase,0.02,30500,26619597,0%,605.0,,,,,VEL+PR+E+CL
222,M,2018-12-31 13:39:17,2018-12-21,ENDV,"Endonovo Therapeutics, Inc.",Mann Michael Scott,Pres,P - Purchase,0.02,83199,26589097,0%,1739.0,,,,,VEL+PR+E+CL
223,,2018-12-31 12:44:14,2018-12-21,ENDV,"Endonovo Therapeutics, Inc.",Mann Michael Scott,Pres,P - Purchase,0.02,138000,26505898,+1%,2543.0,,,,,VEL+PR+E+CL
224,M,2018-12-20 11:50:23,2018-12-14,ENDV,"Endonovo Therapeutics, Inc.",Mann Michael Scott,Pres,P - Purchase,0.02,9000,26367898,0%,195.0,,,,,VEL+PR+E+CL
225,M,2018-12-14 17:04:27,2018-12-11,ENDV,"Endonovo Therapeutics, Inc.",Mann Michael Scott,Pres,P - Purchase,0.02,17000,26358898,0%,375.0,,,,,VEL+PR+E+CL
226,M,2018-12-11 17:04:26,2018-12-07,ENDV,"Endonovo Therapeutics, Inc.",Mann Michael Scott,Pres,P - Purchase,0.02,28200,26341898,0%,672.0,,,,,VEL+PR+E+CL
227,M,2018-12-07 16:31:44,2018-12-04,ENDV,"Endonovo Therapeutics, Inc.",Mann Michael Scott,Pres,P - Purchase,0.03,26600,26313698,0%,782.0,,,,,VEL+PR+E+CL
228,M,2018-12-06 16:41:34,2018-11-29,ENDV,"Endonovo Therapeutics, Inc.",Mann Michael Scott,Pres,P - Purchase,0.03,34100,26287098,0%,964.0,,,,,VEL+PR+E+CL
229,M,2018-11-29 17:07:50,2018-11-27,ENDV,"Endonovo Therapeutics, Inc.",Mann Michael Scott,Pres,P - Purchase,0.03,35500,26252998,0%,1022.0,,,,,VEL+PR+E+CL
230,M,2018-11-27 17:22:44,2018-11-21,ENDV,"Endonovo Therapeutics, Inc.",Mann Michael Scott,Pres,P - Purchase,0.03,20000,26217498,0%,589.0,,,,,VEL+PR+E+CL
231,M,2018-11-27 17:04:13,2018-11-20,ENDV,"Endonovo Therapeutics, Inc.",Mann Michael Scott,Pres,P - Purchase,0.03,36000,26197498,0%,1010.0,,,,,VEL+PR+E+CL
232,M,2018-11-20 15:26:47,2018-11-14,ENDV,"Endonovo Therapeutics, Inc.",Mann Michael Scott,Pres,P - Purchase,0.03,14000,26161498,0%,483.0,,,,,VEL+PR+E+CL
233,M,2018-11-13 17:20:02,2018-11-07,ENDV,"Endonovo Therapeutics, Inc.",Mann Michael Scott,Pres,P - Purchase,0.04,15000,26147498,0%,589.0,,,,,VEL+PR+E+CL
234,M,2018-11-07 16:43:35,2018-11-02,ENDV,"Endonovo Therapeutics, Inc.",Mann Michael Scott,Pres,P - Purchase,0.04,8000,26132498,0%,309.0,,,,,VEL+PR+E+CL
235,M,2018-11-02 16:52:16,2018-10-29,ENDV,"Endonovo Therapeutics, Inc.",Mann Michael Scott,Pres,P - Purchase,0.04,34000,26124498,0%,1320.0,,,,,VEL+PR+E+CL
236,M,2018-10-29 17:06:46,2018-10-23,ENDV,"Endonovo Therapeutics, Inc.",Mann Michael Scott,Pres,P - Purchase,0.04,8000,26090498,0%,339.0,,,,,VEL+PR+E+CL
237,M,2018-10-23 14:23:50,2018-10-17,ENDV,"Endonovo Therapeutics, Inc.",Mann Michael Scott,Pres,P - Purchase,0.04,18000,26082498,0%,768.0,,,,,VEL+PR+E+CL
238,M,2018-10-19 15:50:23,2018-10-15,ENDV,"Endonovo Therapeutics, Inc.",Mann Michael Scott,Pres,P - Purchase,0.05,35600,26064498,0%,1687.0,,,,,VEL+PR+E+CL
239,M,2018-10-16 16:59:06,2018-10-09,ENDV,"Endonovo Therapeutics, Inc.",Mann Michael Scott,Pres,P - Purchase,0.05,18000,26028898,0%,888.0,,,,,VEL+PR+E+CL
240,M,2018-10-09 17:35:58,2018-10-05,ENDV,"Endonovo Therapeutics, Inc.",Mann Michael Scott,Pres,P - Purchase,0.05,17000,26010898,0%,872.0,,,,,VEL+PR+E+CL
241,M,2018-10-05 17:41:41,2018-10-01,ENDV,"Endonovo Therapeutics, Inc.",Mann Michael Scott,Pres,P - Purchase,0.05,15000,25993898,0%,798.0,,,,,VEL+PR+E+CL
242,M,2018-10-02 16:42:03,2018-09-26,ENDV,"Endonovo Therapeutics, Inc.",Mann Michael Scott,"Pres, 10%",P - Purchase,0.06,22000,25970898,0%,1274.0,,,,,VEL+PR+E+CL
243,M,2018-09-25 12:34:24,2018-09-18,ENDV,"Endonovo Therapeutics, Inc.",Mann Michael Scott,"Pres, 10%",P - Purchase,0.05,20100,25948898,0%,1004.0,,,,,VEL+PR+E+CL
244,M,2018-09-20 12:16:46,2018-09-14,ENDV,"Endonovo Therapeutics, Inc.",Mann Michael Scott,"Pres, 10%",P - Purchase,0.04,12000,25928798,0%,516.0,,,,,VEL+PR+E+CL
245,M,2018-09-14 11:02:15,2018-09-10,ENDV,"Endonovo Therapeutics, Inc.",Mann Michael Scott,"Pres, 10%",P - Purchase,0.04,7000,25916798,0%,273.0,,,,,VEL+PR+E+CL
246,,2018-09-13 16:35:00,2018-09-11,CL,Colgate Palmolive Co,Jakobsen Henning I,CFO,S - Sale,67.05,-1015,42383,-2%,-68060.0,,,,,VEL+PR+E+CL
247,,2018-09-13 16:34:55,2018-09-11,CL,Colgate Palmolive Co,Shotts Philip G.,"VP, Controller",S - Sale,67.05,-462,89269,-1%,-30978.0,,,,,VEL+PR+E+CL
248,,2018-09-11 15:34:13,2018-09-07,ENDV,"Endonovo Therapeutics, Inc.",Mann Michael Scott,"Pres, 10%",P - Purchase,0.04,15600,25909798,0%,599.0,,,,,VEL+PR+E+CL
249,,2018-09-10 14:36:05,2018-09-06,ENDV,"Endonovo Therapeutics, Inc.",Mann Michael Scott,"Pres, 10%",P - Purchase,0.04,1000,25894198,0%,40.0,,,,,VEL+PR+E+CL
250,M,2018-09-10 14:34:06,2018-09-05,ENDV,"Endonovo Therapeutics, Inc.",Mann Michael Scott,"Pres, 10%",P - Purchase,0.04,38000,25893198,0%,1685.0,,,,,VEL+PR+E+CL
251,M,2018-09-06 13:32:47,2018-08-30,ENDV,"Endonovo Therapeutics, Inc.",Mann Michael Scott,"Pres, 10%",P - Purchase,0.05,27500,25855198,0%,1351.0,,,,,VEL+PR+E+CL
252,,2018-09-05 18:57:08,2018-08-29,ENDV,"Endonovo Therapeutics, Inc.",Mann Michael Scott,"Pres, 10%",P - Purchase,0.04,4100,25827698,0%,171.0,,,,,VEL+PR+E+CL
253,,2018-09-05 18:52:06,2018-08-29,ENDV,"Endonovo Therapeutics, Inc.",Mann Michael Scott,"Pres, 10%",P - Purchase,0.04,35500,25823598,0%,1433.0,,,,,VEL+PR+E+CL
254,,2018-08-29 12:48:12,2018-08-28,ENDV,"Endonovo Therapeutics, Inc.",Mann Michael Scott,"Pres, 10%",P - Purchase,0.04,2000,25788098,0%,86.0,,,,,VEL+PR+E+CL
255,M,2018-08-29 12:46:38,2018-08-27,ENDV,"Endonovo Therapeutics, Inc.",Mann Michael Scott,"Pres, 10%",P - Purchase,0.04,63400,25786098,0%,2378.0,,,,,VEL+PR+E+CL
256,M,2018-08-28 14:07:46,2018-08-22,ENDV,"Endonovo Therapeutics, Inc.",Mann Michael Scott,"Pres, 10%",P - Purchase,0.02,63500,25722698,0%,1552.0,,,,,VEL+PR+E+CL
257,M,2018-08-22 14:38:06,2018-08-17,ENDV,"Endonovo Therapeutics, Inc.",Mann Michael Scott,"Pres, 10%",P - Purchase,0.03,25000,25659198,0%,630.0,,,,,VEL+PR+E+CL
258,M,2018-08-22 14:30:02,2018-08-15,ENDV,"Endonovo Therapeutics, Inc.",Mann Michael Scott,"Pres, 10%",P - Purchase,0.02,67000,25634198,0%,1551.0,,,,,VEL+PR+E+CL
259,,2018-08-17 10:40:46,2018-08-14,ENDV,"Endonovo Therapeutics, Inc.",Mann Michael Scott,"Pres, 10%",P - Purchase,0.02,58200,25567198,0%,1153.0,,,,,VEL+PR+E+CL
260,,2018-08-16 11:27:10,2018-08-13,ENDV,"Endonovo Therapeutics, Inc.",Mann Michael Scott,"Pres, 10%",P - Purchase,0.03,53000,25508998,0%,1378.0,,,,,VEL+PR+E+CL
261,M,2018-08-16 11:08:31,2018-08-07,ENDV,"Endonovo Therapeutics, Inc.",Mann Michael Scott,"Pres, 10%",P - Purchase,0.03,48500,25455998,0%,1402.0,,,,,VEL+PR+E+CL
262,DM,2018-08-15 16:42:48,2018-08-13,CL,Colgate Palmolive Co,Shotts Philip G.,"VP, Controller",S - Sale+OE,65.44,-17000,89468,-16%,-1112467.0,,,,,VEL+PR+E+CL
263,D,2018-08-15 16:42:41,2018-08-14,CL,Colgate Palmolive Co,Hickey Dennis J,Vice COB,S - Sale+OE,65.72,-120000,480178,-20%,-7886040.0,,,,,VEL+PR+E+CL
264,D,2018-08-15 16:41:34,2018-08-13,CL,Colgate Palmolive Co,Moison Franck J,Vice COB,S - Sale+OE,65.24,-15000,230869,-6%,-978572.0,,,,,VEL+PR+E+CL
265,D,2018-08-15 16:41:30,2018-08-13,CL,Colgate Palmolive Co,Deoras Mukul,CMO,S - Sale+OE,65.1,-11334,40746,-22%,-737863.0,,,,,VEL+PR+E+CL
266,D,2018-08-14 16:42:32,2018-08-10,CL,Colgate Palmolive Co,Huston John J,"SVP, Chief of Staff",S - Sale+OE,65.56,-19774,120848,-14%,-1296465.0,,,,,VEL+PR+E+CL
267,M,2018-08-08 13:21:28,2018-08-02,ENDV,"Endonovo Therapeutics, Inc.",Mann Michael Scott,"Pres, 10%",P - Purchase,0.03,58000,25407498,0%,1737.0,,,,,VEL+PR+E+CL
268,D,2018-08-07 16:30:16,2018-08-03,CL,Colgate Palmolive Co,Moison Franck J,Vice COB,S - Sale+OE,68.04,-10000,230869,-4%,-680415.0,,,,,VEL+PR+E+CL
269,DM,2018-08-03 17:07:31,2018-08-01,CL,Colgate Palmolive Co,Moison Franck J,Vice COB,S - Sale+OE,66.25,-45000,230869,-16%,-2981262.0,,,,,VEL+PR+E+CL
270,D,2018-08-03 17:07:27,2018-08-02,CL,Colgate Palmolive Co,Skala Justin,"EVP, Chief Gwth, Strtgy Off",S - Sale+OE,66.36,-90069,206502,-30%,-5976988.0,,,,,VEL+PR+E+CL
271,D,2018-08-03 17:07:22,2018-08-01,CL,Colgate Palmolive Co,Verduin Patricia,CTO,S - Sale+OE,65.88,-46500,58564,-44%,-3063206.0,,,,,VEL+PR+E+CL
272,D,2018-08-03 17:07:19,2018-08-01,CL,Colgate Palmolive Co,Wallace Noel R.,"Pres, COO",S - Sale+OE,66.22,-44625,235638,-16%,-2955233.0,,,,,VEL+PR+E+CL
273,M,2018-08-03 12:04:48,2018-07-31,ENDV,"Endonovo Therapeutics, Inc.",Mann Michael Scott,"Pres, 10%",P - Purchase,0.03,54000,25349498,0%,1696.0,,,,,VEL+PR+E+CL
274,,2018-08-03 11:50:22,2018-07-31,ENDV,"Endonovo Therapeutics, Inc.",Mann Michael Scott,"Pres, 10%",P - Purchase,0.03,82000,25295498,0%,2479.0,,,,,VEL+PR+E+CL
275,M,2018-08-02 08:26:56,2018-07-24,ENDV,"Endonovo Therapeutics, Inc.",Mann Michael Scott,Pres,P - Purchase,0.03,5000,25213498,0%,168.0,,,,,VEL+PR+E+CL
276,M,2018-07-26 20:22:56,2018-07-19,ENDV,"Endonovo Therapeutics, Inc.",Mann Michael Scott,"Pres, 10%",P - Purchase,0.03,8200,25208498,0%,283.0,,,,,VEL+PR+E+CL
277,M,2018-07-20 16:12:07,2018-07-16,ENDV,"Endonovo Therapeutics, Inc.",Mann Michael Scott,"Pres, 10%",P - Purchase,0.03,18009,25200298,0%,628.0,,,,,VEL+PR+E+CL
278,D,2018-07-18 16:31:33,2018-07-16,CL,Colgate Palmolive Co,Marsili Daniel B,CHRO,S - Sale+OE,65.4,-19500,87960,-18%,-1275337.0,,,,,VEL+PR+E+CL
279,M,2018-07-17 12:30:44,2018-07-09,ENDV,"Endonovo Therapeutics, Inc.",Mann Michael Scott,"Pres, 10%",P - Purchase,0.04,8000,25182289,0%,288.0,,,,,VEL+PR+E+CL
280,M,2018-07-06 18:24:33,2018-06-29,ENDV,"Endonovo Therapeutics, Inc.",Mann Michael Scott,"Pres, 10%",P - Purchase,0.04,6000,25174289,0%,211.0,,,,,VEL+PR+E+CL
281,M,2018-06-29 20:51:23,2018-06-18,ENDV,"Endonovo Therapeutics, Inc.",Mann Michael Scott,"Pres, 10%",P - Purchase,0.04,5000,25168289,0%,182.0,,,,,VEL+PR+E+CL
282,M,2018-06-19 15:47:47,2018-06-13,ENDV,"Endonovo Therapeutics, Inc.",Mann Michael Scott,"Pres, 10%",P - Purchase,0.04,8000,25163289,0%,300.0,,,,,VEL+PR+E+CL
283,D,2018-06-18 17:15:21,2018-06-15,CL,Colgate Palmolive Co,Marsili Daniel B,CHRO,S - Sale+OE,63.25,-19500,87757,-18%,-1233375.0,,,,,VEL+PR+E+CL
284,M,2018-06-14 11:59:13,2018-06-06,ENDV,"Endonovo Therapeutics, Inc.",Mann Michael Scott,"Pres, 10%",P - Purchase,0.04,8000,25155289,0%,306.0,,,,,VEL+PR+E+CL
285,,2018-06-07 15:59:32,2018-06-05,ENDV,"Endonovo Therapeutics, Inc.",Mann Michael Scott,"Pres, 10%",P - Purchase,0.04,4000,25147289,0%,148.0,,,,,VEL+PR+E+CL
286,M,2018-06-07 15:56:20,2018-05-30,ENDV,"Endonovo Therapeutics, Inc.",Mann Michael Scott,"Pres, 10%",P - Purchase,0.04,13200,25143289,0%,509.0,,,,,VEL+PR+E+CL
287,,2018-05-30 20:52:04,2018-05-29,ENDV,"Endonovo Therapeutics, Inc.",Mann Michael Scott,"Pres, 10%",P - Purchase,0.04,5100,25130089,0%,195.0,,,,,VEL+PR+E+CL
